/*
 Navicat Premium Data Transfer

 Source Server         : 192.168.110.74-3306
 Source Server Type    : MySQL
 Source Server Version : 50725
 Source Host           : 192.168.110.74:3306
 Source Schema         : goRestFul

 Target Server Type    : MySQL
 Target Server Version : 50725
 File Encoding         : 65001

 Date: 21/11/2023 20:17:03
*/

SET NAMES utf8mb4;
SET FOREIGN_KEY_CHECKS = 0;

-- ----------------------------
-- Table structure for t_log
-- ----------------------------
DROP TABLE IF EXISTS `t_log`;
CREATE TABLE `t_log`  (
  `uuid` varchar(255) CHARACTER SET utf8mb4 COLLATE utf8mb4_general_ci NOT NULL,
  `address` varchar(255) CHARACTER SET utf8mb4 COLLATE utf8mb4_general_ci NULL DEFAULT NULL,
  `behavior` varchar(500) CHARACTER SET utf8mb4 COLLATE utf8mb4_general_ci NULL DEFAULT NULL,
  `create_time` varchar(255) CHARACTER SET utf8mb4 COLLATE utf8mb4_general_ci NULL DEFAULT NULL,
  `mac_address` varchar(255) CHARACTER SET utf8mb4 COLLATE utf8mb4_general_ci NULL DEFAULT NULL,
  `user_name` varchar(64) CHARACTER SET utf8mb4 COLLATE utf8mb4_general_ci NULL DEFAULT NULL,
  PRIMARY KEY (`uuid`) USING BTREE
) ENGINE = InnoDB CHARACTER SET = utf8mb4 COLLATE = utf8mb4_general_ci ROW_FORMAT = Dynamic;

-- ----------------------------
-- Records of t_log
-- ----------------------------
INSERT INTO `t_log` VALUES ('297e9a277ba1b0f8017ba1b1a79b0000', '/169.254.26.167', '成功登录平台', '2021-09-01 22:09:39', '00-50-56-c0-00-01', 'admin');
INSERT INTO `t_log` VALUES ('297e9a277ba1b0f8017ba1b1d0290001', '/169.254.26.167', '查看告警日志信息', '2021-09-01 22:09:50', '00-50-56-c0-00-01', 'admin');
INSERT INTO `t_log` VALUES ('402848817ae2c53e017ae2d55ee60002', 'DESKTOP-V7R6E68/192.168.200.1', '成功登录平台', '2021-07-26 20:41:12', '00-50-56-c0-00-08', 'admin');
INSERT INTO `t_log` VALUES ('402848817ae2c53e017ae2d5770d0003', 'DESKTOP-V7R6E68/192.168.200.1', '查看告警日志信息', '2021-07-26 20:41:18', '00-50-56-c0-00-08', 'admin');
INSERT INTO `t_log` VALUES ('402848817ae2c53e017ae2f10f7b0004', 'DESKTOP-V7R6E68/192.168.200.1', '成功登录平台', '2021-07-26 21:11:26', '00-50-56-c0-00-08', 'admin');
INSERT INTO `t_log` VALUES ('402848817ae2c53e017ae2f12fe50005', 'DESKTOP-V7R6E68/192.168.200.1', '查看告警日志信息', '2021-07-26 21:11:35', '00-50-56-c0-00-08', 'admin');
INSERT INTO `t_log` VALUES ('402848817ae2c53e017ae2f143ea0006', 'DESKTOP-V7R6E68/192.168.200.1', '查看告警日志信息', '2021-07-26 21:11:40', '00-50-56-c0-00-08', 'admin');
INSERT INTO `t_log` VALUES ('402848817ae2c53e017ae2f1596b0007', 'DESKTOP-V7R6E68/192.168.200.1', '查看告警日志信息', '2021-07-26 21:11:45', '00-50-56-c0-00-08', 'admin');
INSERT INTO `t_log` VALUES ('402848817ae2f2a0017ae2f352610006', 'DESKTOP-V7R6E68/192.168.200.1', '成功登录平台', '2021-07-26 21:13:55', '00-50-56-c0-00-08', 'admin');
INSERT INTO `t_log` VALUES ('402848817ae2f2a0017ae2f35b230007', 'DESKTOP-V7R6E68/192.168.200.1', '查看告警日志信息', '2021-07-26 21:13:57', '00-50-56-c0-00-08', 'admin');
INSERT INTO `t_log` VALUES ('402848817ae2f2a0017ae2f38cbe0008', 'DESKTOP-V7R6E68/192.168.200.1', '查看告警日志信息', '2021-07-26 21:14:09', '00-50-56-c0-00-08', 'admin');
INSERT INTO `t_log` VALUES ('402880e9796057870179605949550000', 'DESKTOP-V7R6E68/192.168.0.105', '密码登录失败1次!', '2021-05-12 19:32:14', '2c-f0-5d-38-53-3b', 'admin');
INSERT INTO `t_log` VALUES ('402880e9796057870179605970850001', 'DESKTOP-V7R6E68/192.168.0.105', '成功登录平台', '2021-05-12 19:32:24', '2c-f0-5d-38-53-3b', 'admin');
INSERT INTO `t_log` VALUES ('402880e9796057870179605989830002', 'DESKTOP-V7R6E68/192.168.0.105', '查看菜单', '2021-05-12 19:32:31', '2c-f0-5d-38-53-3b', 'admin');
INSERT INTO `t_log` VALUES ('402880e97960578701796059fff00003', 'DESKTOP-V7R6E68/192.168.0.105', '查看告警日志信息', '2021-05-12 19:33:01', '2c-f0-5d-38-53-3b', 'admin');
INSERT INTO `t_log` VALUES ('402880e9796057870179605a14530004', 'DESKTOP-V7R6E68/192.168.0.105', '查询用户角色信息', '2021-05-12 19:33:06', '2c-f0-5d-38-53-3b', 'admin');
INSERT INTO `t_log` VALUES ('402880e9796e86a201796e91d2670000', 'DESKTOP-V7R6E68/192.168.0.105', '成功登录平台', '2021-05-15 13:48:40', '2c-f0-5d-38-53-3b', 'admin');
INSERT INTO `t_log` VALUES ('402880e9796e86a201796e9d05af0001', 'DESKTOP-V7R6E68/192.168.0.105', '查看告警日志信息', '2021-05-15 14:00:54', '2c-f0-5d-38-53-3b', 'admin');
INSERT INTO `t_log` VALUES ('402880e9796e86a201796e9d0a0e0002', 'DESKTOP-V7R6E68/192.168.0.105', '查看告警日志信息', '2021-05-15 14:00:56', '2c-f0-5d-38-53-3b', 'admin');
INSERT INTO `t_log` VALUES ('402880e9796e86a201796e9d35cd0003', 'DESKTOP-V7R6E68/192.168.0.105', '查看告警日志信息', '2021-05-15 14:01:07', '2c-f0-5d-38-53-3b', 'admin');
INSERT INTO `t_log` VALUES ('402880e9796e86a201796e9f0f890004', 'DESKTOP-V7R6E68/192.168.0.105', '成功登录平台', '2021-05-15 14:03:08', '2c-f0-5d-38-53-3b', 'admin');
INSERT INTO `t_log` VALUES ('402880e9796e86a201796e9f18430005', 'DESKTOP-V7R6E68/192.168.0.105', '查看告警日志信息', '2021-05-15 14:03:10', '2c-f0-5d-38-53-3b', 'admin');
INSERT INTO `t_log` VALUES ('402880e9796e86a201796e9f1e970006', 'DESKTOP-V7R6E68/192.168.0.105', '查看告警日志信息', '2021-05-15 14:03:12', '2c-f0-5d-38-53-3b', 'admin');
INSERT INTO `t_log` VALUES ('402880e9796e86a201796ea007bd0007', 'DESKTOP-V7R6E68/192.168.0.105', '成功登录平台', '2021-05-15 14:04:12', '2c-f0-5d-38-53-3b', 'admin');
INSERT INTO `t_log` VALUES ('402880e9796e86a201796ea00f470008', 'DESKTOP-V7R6E68/192.168.0.105', '查看告警日志信息', '2021-05-15 14:04:14', '2c-f0-5d-38-53-3b', 'admin');
INSERT INTO `t_log` VALUES ('402880e9796e86a201796ea0125a0009', 'DESKTOP-V7R6E68/192.168.0.105', '查看告警日志信息', '2021-05-15 14:04:14', '2c-f0-5d-38-53-3b', 'admin');
INSERT INTO `t_log` VALUES ('402880e9796e86a201796ea01d9d000a', 'DESKTOP-V7R6E68/192.168.0.105', '查看告警日志信息', '2021-05-15 14:04:17', '2c-f0-5d-38-53-3b', 'admin');
INSERT INTO `t_log` VALUES ('402880e9796e86a201796ea1c4d3000b', 'DESKTOP-V7R6E68/192.168.0.105', '查看告警日志信息', '2021-05-15 14:06:06', '2c-f0-5d-38-53-3b', 'admin');
INSERT INTO `t_log` VALUES ('402880e9796e86a201796ea21dc8000c', 'DESKTOP-V7R6E68/192.168.0.105', '查看告警日志信息', '2021-05-15 14:06:26', '2c-f0-5d-38-53-3b', 'admin');
INSERT INTO `t_log` VALUES ('402880e9796e86a201796ea3a0e9000d', 'DESKTOP-V7R6E68/192.168.0.105', '查看告警日志信息', '2021-05-15 14:08:07', '2c-f0-5d-38-53-3b', 'admin');
INSERT INTO `t_log` VALUES ('402880e9796e86a201796ea6595f000e', 'DESKTOP-V7R6E68/192.168.0.105', '查看告警日志信息', '2021-05-15 14:11:06', '2c-f0-5d-38-53-3b', 'admin');
INSERT INTO `t_log` VALUES ('402880e9796ea7e901796ea897020000', 'DESKTOP-V7R6E68/192.168.0.105', '成功登录平台', '2021-05-15 14:13:33', '2c-f0-5d-38-53-3b', 'admin');
INSERT INTO `t_log` VALUES ('402880e9796ea7e901796ea8a2140001', 'DESKTOP-V7R6E68/192.168.0.105', '查看告警日志信息', '2021-05-15 14:13:35', '2c-f0-5d-38-53-3b', 'admin');
INSERT INTO `t_log` VALUES ('402880e9796ea7e901796ea8cce90002', 'DESKTOP-V7R6E68/192.168.0.105', '查看告警日志信息', '2021-05-15 14:13:46', '2c-f0-5d-38-53-3b', 'admin');
INSERT INTO `t_log` VALUES ('402880e9796ea7e901796ea8ebbf0003', 'DESKTOP-V7R6E68/192.168.0.105', '查看告警日志信息', '2021-05-15 14:13:54', '2c-f0-5d-38-53-3b', 'admin');
INSERT INTO `t_log` VALUES ('402880e9796ea7e901796ea907a30004', 'DESKTOP-V7R6E68/192.168.0.105', '成功登录平台', '2021-05-15 14:14:01', '2c-f0-5d-38-53-3b', 'admin');
INSERT INTO `t_log` VALUES ('402880e9796ea7e901796ea911fd0005', 'DESKTOP-V7R6E68/192.168.0.105', '查看告警日志信息', '2021-05-15 14:14:04', '2c-f0-5d-38-53-3b', 'admin');
INSERT INTO `t_log` VALUES ('402880e9796ea7e901796ea91dc20006', 'DESKTOP-V7R6E68/192.168.0.105', '查看告警日志信息', '2021-05-15 14:14:07', '2c-f0-5d-38-53-3b', 'admin');
INSERT INTO `t_log` VALUES ('402880e979703e160179703f21110001', 'DESKTOP-V7R6E68/192.168.0.105', '成功登录平台', '2021-05-15 21:37:36', '2c-f0-5d-38-53-3b', 'admin');
INSERT INTO `t_log` VALUES ('402880e979703e160179703f36d90002', 'DESKTOP-V7R6E68/192.168.0.105', '查看告警日志信息', '2021-05-15 21:37:41', '2c-f0-5d-38-53-3b', 'admin');
INSERT INTO `t_log` VALUES ('402880e979703e1601797040a5e80005', 'DESKTOP-V7R6E68/192.168.0.105', '查看告警日志信息', '2021-05-15 21:39:15', '2c-f0-5d-38-53-3b', 'admin');
INSERT INTO `t_log` VALUES ('402880e97972e177017972e287ae0000', 'DESKTOP-V7R6E68/192.168.0.105', '成功登录平台', '2021-05-16 09:55:19', '2c-f0-5d-38-53-3b', 'admin');
INSERT INTO `t_log` VALUES ('402880e97972e177017972e29a530001', 'DESKTOP-V7R6E68/192.168.0.105', '查看告警日志信息', '2021-05-16 09:55:23', '2c-f0-5d-38-53-3b', 'admin');
INSERT INTO `t_log` VALUES ('402880e97972e177017972e2b2e10002', 'DESKTOP-V7R6E68/192.168.0.105', '查看告警日志信息', '2021-05-16 09:55:30', '2c-f0-5d-38-53-3b', 'admin');
INSERT INTO `t_log` VALUES ('402880e97972e177017972e2c9e80003', 'DESKTOP-V7R6E68/192.168.0.105', '查看告警日志信息', '2021-05-16 09:55:36', '2c-f0-5d-38-53-3b', 'admin');
INSERT INTO `t_log` VALUES ('402880e97972e177017972e2d5530004', 'DESKTOP-V7R6E68/192.168.0.105', '查看告警日志信息', '2021-05-16 09:55:38', '2c-f0-5d-38-53-3b', 'admin');
INSERT INTO `t_log` VALUES ('402880e97972e177017972e2df390005', 'DESKTOP-V7R6E68/192.168.0.105', '查看告警日志信息', '2021-05-16 09:55:41', '2c-f0-5d-38-53-3b', 'admin');
INSERT INTO `t_log` VALUES ('402880e97972e177017972e2e80a0006', 'DESKTOP-V7R6E68/192.168.0.105', '查看告警日志信息', '2021-05-16 09:55:43', '2c-f0-5d-38-53-3b', 'admin');
INSERT INTO `t_log` VALUES ('402880e97972e177017972e2f25b0007', 'DESKTOP-V7R6E68/192.168.0.105', '查看告警日志信息', '2021-05-16 09:55:46', '2c-f0-5d-38-53-3b', 'admin');
INSERT INTO `t_log` VALUES ('402880e97972e177017972e30e440008', 'DESKTOP-V7R6E68/192.168.0.105', '查看告警日志信息', '2021-05-16 09:55:53', '2c-f0-5d-38-53-3b', 'admin');
INSERT INTO `t_log` VALUES ('402880e97972e177017972e31a520009', 'DESKTOP-V7R6E68/192.168.0.105', '查看告警日志信息', '2021-05-16 09:55:56', '2c-f0-5d-38-53-3b', 'admin');
INSERT INTO `t_log` VALUES ('402880e97972e177017972e33685000a', 'DESKTOP-V7R6E68/192.168.0.105', '查看告警日志信息', '2021-05-16 09:56:03', '2c-f0-5d-38-53-3b', 'admin');
INSERT INTO `t_log` VALUES ('402880e97972e177017972e35393000b', 'DESKTOP-V7R6E68/192.168.0.105', '查看告警日志信息', '2021-05-16 09:56:11', '2c-f0-5d-38-53-3b', 'admin');
INSERT INTO `t_log` VALUES ('402880e97972e177017972e35f17000c', 'DESKTOP-V7R6E68/192.168.0.105', '查看告警日志信息', '2021-05-16 09:56:14', '2c-f0-5d-38-53-3b', 'admin');
INSERT INTO `t_log` VALUES ('402880e97972e177017972e40c17000d', 'DESKTOP-V7R6E68/192.168.0.105', '查看菜单', '2021-05-16 09:56:58', '2c-f0-5d-38-53-3b', 'admin');
INSERT INTO `t_log` VALUES ('402880e97972e177017972e42b7b000e', 'DESKTOP-V7R6E68/192.168.0.105', '查看菜单', '2021-05-16 09:57:06', '2c-f0-5d-38-53-3b', 'admin');
INSERT INTO `t_log` VALUES ('402880e97972e177017972e474f9000f', 'DESKTOP-V7R6E68/192.168.0.105', '查看告警日志信息', '2021-05-16 09:57:25', '2c-f0-5d-38-53-3b', 'admin');
INSERT INTO `t_log` VALUES ('402880e97972e177017972e486450010', 'DESKTOP-V7R6E68/192.168.0.105', '查看告警日志信息', '2021-05-16 09:57:29', '2c-f0-5d-38-53-3b', 'admin');
INSERT INTO `t_log` VALUES ('402880e97972e177017972e76daa0011', 'DESKTOP-V7R6E68/192.168.0.105', '查看菜单', '2021-05-16 10:00:40', '2c-f0-5d-38-53-3b', 'admin');
INSERT INTO `t_log` VALUES ('402880e97972e177017972ec91bf0012', 'DESKTOP-V7R6E68/192.168.0.105', '新增菜单', '2021-05-16 10:06:17', '2c-f0-5d-38-53-3b', 'admin');
INSERT INTO `t_log` VALUES ('402880e97972e177017972ec97a00014', 'DESKTOP-V7R6E68/192.168.0.105', '查看菜单', '2021-05-16 10:06:18', '2c-f0-5d-38-53-3b', 'admin');
INSERT INTO `t_log` VALUES ('402880e97972e177017972ec9cb60015', 'DESKTOP-V7R6E68/192.168.0.105', '查询用户角色信息', '2021-05-16 10:06:19', '2c-f0-5d-38-53-3b', 'admin');
INSERT INTO `t_log` VALUES ('402880e97972e177017972ee067b001e', 'DESKTOP-V7R6E68/192.168.0.105', '查询用户角色信息', '2021-05-16 10:07:52', '2c-f0-5d-38-53-3b', 'admin');
INSERT INTO `t_log` VALUES ('402880e97972e177017972f331c5001f', 'DESKTOP-V7R6E68/192.168.0.105', '成功登录平台', '2021-05-16 10:13:31', '2c-f0-5d-38-53-3b', 'secadm');
INSERT INTO `t_log` VALUES ('402880e97972e177017972f33ce00020', 'DESKTOP-V7R6E68/192.168.0.105', '查看告警日志信息', '2021-05-16 10:13:34', '2c-f0-5d-38-53-3b', 'secadm');
INSERT INTO `t_log` VALUES ('402880e97972e177017972f4f9b70021', 'DESKTOP-V7R6E68/192.168.0.105', '查看告警日志信息', '2021-05-16 10:15:27', '2c-f0-5d-38-53-3b', 'secadm');
INSERT INTO `t_log` VALUES ('402880e97972e177017972f528cd0022', 'DESKTOP-V7R6E68/192.168.0.105', '成功登录平台', '2021-05-16 10:15:39', '2c-f0-5d-38-53-3b', 'admin');
INSERT INTO `t_log` VALUES ('402880e97972e177017972f532a10023', 'DESKTOP-V7R6E68/192.168.0.105', '查看菜单', '2021-05-16 10:15:42', '2c-f0-5d-38-53-3b', 'admin');
INSERT INTO `t_log` VALUES ('402880e97972e177017972f53e100024', 'DESKTOP-V7R6E68/192.168.0.105', '查看菜单', '2021-05-16 10:15:45', '2c-f0-5d-38-53-3b', 'admin');
INSERT INTO `t_log` VALUES ('402880e979732c2d0179732c50180000', 'DESKTOP-V7R6E68/192.168.0.105', '成功登录平台', '2021-05-16 11:15:54', '2c-f0-5d-38-53-3b', 'admin');
INSERT INTO `t_log` VALUES ('402880e979732c2d0179732c636c0001', 'DESKTOP-V7R6E68/192.168.0.105', '查看菜单', '2021-05-16 11:15:59', '2c-f0-5d-38-53-3b', 'admin');
INSERT INTO `t_log` VALUES ('402880e979732c2d0179732c69fb0002', 'DESKTOP-V7R6E68/192.168.0.105', '查询用户角色信息', '2021-05-16 11:16:01', '2c-f0-5d-38-53-3b', 'admin');
INSERT INTO `t_log` VALUES ('402880e979732c2d0179732c9c1e0013', 'DESKTOP-V7R6E68/192.168.0.105', '成功登录平台', '2021-05-16 11:16:13', '2c-f0-5d-38-53-3b', 'admin');
INSERT INTO `t_log` VALUES ('402880e979732c2d0179732ca6760014', 'DESKTOP-V7R6E68/192.168.0.105', '查看告警日志信息', '2021-05-16 11:16:16', '2c-f0-5d-38-53-3b', 'admin');
INSERT INTO `t_log` VALUES ('402880e979732c2d0179732ce8e60015', 'DESKTOP-V7R6E68/192.168.0.105', '查看告警日志信息', '2021-05-16 11:16:33', '2c-f0-5d-38-53-3b', 'admin');
INSERT INTO `t_log` VALUES ('402880e979732e870179733427000000', 'DESKTOP-V7R6E68/192.168.0.105', '成功登录平台', '2021-05-16 11:24:28', '2c-f0-5d-38-53-3b', 'admin');
INSERT INTO `t_log` VALUES ('402880e979732e870179733432130001', 'DESKTOP-V7R6E68/192.168.0.105', '查看告警日志信息', '2021-05-16 11:24:31', '2c-f0-5d-38-53-3b', 'admin');
INSERT INTO `t_log` VALUES ('402880e979732e87017973343ebb0002', 'DESKTOP-V7R6E68/192.168.0.105', '查看告警日志信息', '2021-05-16 11:24:34', '2c-f0-5d-38-53-3b', 'admin');
INSERT INTO `t_log` VALUES ('402880e979732e8701797334977a0003', 'DESKTOP-V7R6E68/192.168.0.105', '成功登录平台', '2021-05-16 11:24:57', '2c-f0-5d-38-53-3b', 'admin');
INSERT INTO `t_log` VALUES ('402880e979732e8701797334ab570004', 'DESKTOP-V7R6E68/192.168.0.105', '查看告警日志信息', '2021-05-16 11:25:02', '2c-f0-5d-38-53-3b', 'admin');
INSERT INTO `t_log` VALUES ('402880e979732e8701797334e39c0005', 'DESKTOP-V7R6E68/192.168.0.105', '查看告警日志信息', '2021-05-16 11:25:16', '2c-f0-5d-38-53-3b', 'admin');
INSERT INTO `t_log` VALUES ('402880e979732e8701797334f2f40006', 'DESKTOP-V7R6E68/192.168.0.105', '查看告警日志信息', '2021-05-16 11:25:20', '2c-f0-5d-38-53-3b', 'admin');
INSERT INTO `t_log` VALUES ('402880e979732e870179733503c30007', 'DESKTOP-V7R6E68/192.168.0.105', '查看告警日志信息', '2021-05-16 11:25:24', '2c-f0-5d-38-53-3b', 'admin');
INSERT INTO `t_log` VALUES ('402880e979732e870179733511aa0008', 'DESKTOP-V7R6E68/192.168.0.105', '查看告警日志信息', '2021-05-16 11:25:28', '2c-f0-5d-38-53-3b', 'admin');
INSERT INTO `t_log` VALUES ('402880e979732e87017973394f860009', 'DESKTOP-V7R6E68/192.168.0.105', '查看告警日志信息', '2021-05-16 11:30:06', '2c-f0-5d-38-53-3b', 'admin');
INSERT INTO `t_log` VALUES ('402880e979732e8701797339a4ba000a', 'DESKTOP-V7R6E68/192.168.0.105', '查看告警日志信息', '2021-05-16 11:30:28', '2c-f0-5d-38-53-3b', 'admin');
INSERT INTO `t_log` VALUES ('402880e979732e8701797339b764000b', 'DESKTOP-V7R6E68/192.168.0.105', '查看告警日志信息', '2021-05-16 11:30:32', '2c-f0-5d-38-53-3b', 'admin');
INSERT INTO `t_log` VALUES ('402880e97989f2dc017989f588540000', 'DESKTOP-V7R6E68/192.168.0.105', '成功登录平台', '2021-05-20 21:27:20', '2c-f0-5d-38-53-3b', 'admin');
INSERT INTO `t_log` VALUES ('402880e97989f2dc017989f593310001', 'DESKTOP-V7R6E68/192.168.0.105', '查看告警日志信息', '2021-05-20 21:27:23', '2c-f0-5d-38-53-3b', 'admin');
INSERT INTO `t_log` VALUES ('402880e97989f2dc017989f59a090002', 'DESKTOP-V7R6E68/192.168.0.105', '查看告警日志信息', '2021-05-20 21:27:24', '2c-f0-5d-38-53-3b', 'admin');
INSERT INTO `t_log` VALUES ('402880e97989f2dc017989f5a5100003', 'DESKTOP-V7R6E68/192.168.0.105', '查看告警日志信息', '2021-05-20 21:27:27', '2c-f0-5d-38-53-3b', 'admin');
INSERT INTO `t_log` VALUES ('402880e97989f2dc017989f5a9b80004', 'DESKTOP-V7R6E68/192.168.0.105', '查看告警日志信息', '2021-05-20 21:27:28', '2c-f0-5d-38-53-3b', 'admin');
INSERT INTO `t_log` VALUES ('402880e9798a2e8801798a3070300000', 'DESKTOP-V7R6E68/192.168.0.105', '成功登录平台', '2021-05-20 22:31:40', '2c-f0-5d-38-53-3b', 'admin');
INSERT INTO `t_log` VALUES ('402880e9798a2e8801798a3084ad0001', 'DESKTOP-V7R6E68/192.168.0.105', '成功登录平台', '2021-05-20 22:31:46', '2c-f0-5d-38-53-3b', 'admin');
INSERT INTO `t_log` VALUES ('402880e9798a2e8801798a308e2a0002', 'DESKTOP-V7R6E68/192.168.0.105', '查看告警日志信息', '2021-05-20 22:31:48', '2c-f0-5d-38-53-3b', 'admin');
INSERT INTO `t_log` VALUES ('402880e9798a2e8801798a3a17920003', 'DESKTOP-V7R6E68/192.168.0.105', '成功登录平台', '2021-05-20 22:42:13', '2c-f0-5d-38-53-3b', 'admin');
INSERT INTO `t_log` VALUES ('402880e9798a2e8801798a3a73b20004', 'DESKTOP-V7R6E68/192.168.0.105', '成功登录平台', '2021-05-20 22:42:37', '2c-f0-5d-38-53-3b', 'admin');
INSERT INTO `t_log` VALUES ('402880e9798a2e8801798a3aa03c0005', 'DESKTOP-V7R6E68/192.168.0.105', '成功登录平台', '2021-05-20 22:42:48', '2c-f0-5d-38-53-3b', 'admin');
INSERT INTO `t_log` VALUES ('402880e9798a2e8801798a3c67f10006', 'DESKTOP-V7R6E68/192.168.0.105', '密码登录失败1次!', '2021-05-20 22:44:45', '2c-f0-5d-38-53-3b', 'admin');
INSERT INTO `t_log` VALUES ('402880e9798a2e8801798a3cae550007', 'DESKTOP-V7R6E68/192.168.0.105', '成功登录平台', '2021-05-20 22:45:03', '2c-f0-5d-38-53-3b', 'admin');
INSERT INTO `t_log` VALUES ('402880e9798a3d8401798a3d9f490000', 'DESKTOP-V7R6E68/192.168.0.105', '成功登录平台', '2021-05-20 22:46:04', '2c-f0-5d-38-53-3b', 'admin');
INSERT INTO `t_log` VALUES ('402880e9798a3d8401798a42ccbb0001', 'DESKTOP-V7R6E68/192.168.0.105', '成功登录平台', '2021-05-20 22:51:44', '2c-f0-5d-38-53-3b', 'admin');
INSERT INTO `t_log` VALUES ('402880e9798a3d8401798a42de870002', 'DESKTOP-V7R6E68/192.168.0.105', '查看告警日志信息', '2021-05-20 22:51:48', '2c-f0-5d-38-53-3b', 'admin');
INSERT INTO `t_log` VALUES ('402880e9798a3d8401798a42e1f10003', 'DESKTOP-V7R6E68/192.168.0.105', '查看告警日志信息', '2021-05-20 22:51:49', '2c-f0-5d-38-53-3b', 'admin');
INSERT INTO `t_log` VALUES ('402880e9798a3d8401798a42f9c90004', 'DESKTOP-V7R6E68/192.168.0.105', '成功登录平台', '2021-05-20 22:51:55', '2c-f0-5d-38-53-3b', 'admin');
INSERT INTO `t_log` VALUES ('402880e9798a3d8401798a444b670005', 'DESKTOP-V7R6E68/192.168.0.105', '成功登录平台', '2021-05-20 22:53:22', '2c-f0-5d-38-53-3b', 'admin');
INSERT INTO `t_log` VALUES ('402880e9798a3d8401798a4534e40006', 'DESKTOP-V7R6E68/192.168.0.105', '成功登录平台', '2021-05-20 22:54:21', '2c-f0-5d-38-53-3b', 'admin');
INSERT INTO `t_log` VALUES ('402880e9798a3d8401798a4574710007', 'DESKTOP-V7R6E68/192.168.0.105', '成功登录平台', '2021-05-20 22:54:38', '2c-f0-5d-38-53-3b', 'admin');
INSERT INTO `t_log` VALUES ('402881e578582ac10178582b65eb0000', 'DESKTOP-V7R6E68/192.168.1.101', '成功登录平台', '2021-03-22 12:22:22', '2c-f0-5d-38-53-3b', 'admin');
INSERT INTO `t_log` VALUES ('402881e578582ac10178582c0b050001', 'DESKTOP-V7R6E68/192.168.1.101', '成功登录平台', '2021-03-22 12:23:04', '2c-f0-5d-38-53-3b', 'admin');
INSERT INTO `t_log` VALUES ('402881e578582ac10178582c13160002', 'DESKTOP-V7R6E68/192.168.1.101', '成功登录平台', '2021-03-22 12:23:06', '2c-f0-5d-38-53-3b', 'admin');
INSERT INTO `t_log` VALUES ('402881e578582ac10178582d4c620003', 'DESKTOP-V7R6E68/192.168.1.101', '成功登录平台', '2021-03-22 12:24:26', '2c-f0-5d-38-53-3b', 'admin');
INSERT INTO `t_log` VALUES ('402881e578582ac1017858395b510004', 'DESKTOP-V7R6E68/192.168.1.101', '成功登录平台', '2021-03-22 12:37:37', '2c-f0-5d-38-53-3b', 'admin');
INSERT INTO `t_log` VALUES ('402881e578582ac10178583f38e00005', 'DESKTOP-V7R6E68/192.168.1.101', '成功登录平台', '2021-03-22 12:44:01', '2c-f0-5d-38-53-3b', 'admin');
INSERT INTO `t_log` VALUES ('402881e578582ac10178583f3ffd0006', 'DESKTOP-V7R6E68/192.168.1.101', '成功登录平台', '2021-03-22 12:44:03', '2c-f0-5d-38-53-3b', 'admin');
INSERT INTO `t_log` VALUES ('402881e578582ac10178584c2b280007', 'DESKTOP-V7R6E68/192.168.1.101', '成功登录平台', '2021-03-22 12:58:10', '2c-f0-5d-38-53-3b', 'admin');
INSERT INTO `t_log` VALUES ('402881e578582ac10178584c32b90008', 'DESKTOP-V7R6E68/192.168.1.101', '成功登录平台', '2021-03-22 12:58:12', '2c-f0-5d-38-53-3b', 'admin');
INSERT INTO `t_log` VALUES ('402881e5785a21ea01785a222ec80000', 'DESKTOP-V7R6E68/192.168.1.101', '成功登录平台', '2021-03-22 21:31:32', '2c-f0-5d-38-53-3b', 'admin');
INSERT INTO `t_log` VALUES ('402881e5785a65dd01785a66229c0000', 'DESKTOP-V7R6E68/192.168.1.101', '成功登录平台', '2021-03-22 22:45:46', '2c-f0-5d-38-53-3b', 'admin');
INSERT INTO `t_log` VALUES ('402881e5785a65dd01785a6a2ea30001', 'DESKTOP-V7R6E68/192.168.1.101', '成功登录平台', '2021-03-22 22:50:11', '2c-f0-5d-38-53-3b', 'admin');
INSERT INTO `t_log` VALUES ('402881e5785a65dd01785a6a307b0002', 'DESKTOP-V7R6E68/192.168.1.101', '成功登录平台', '2021-03-22 22:50:11', '2c-f0-5d-38-53-3b', 'admin');
INSERT INTO `t_log` VALUES ('402881e5785a65dd01785a6a31710003', 'DESKTOP-V7R6E68/192.168.1.101', '成功登录平台', '2021-03-22 22:50:12', '2c-f0-5d-38-53-3b', 'admin');
INSERT INTO `t_log` VALUES ('402881e5785a65dd01785a6a32a60004', 'DESKTOP-V7R6E68/192.168.1.101', '成功登录平台', '2021-03-22 22:50:12', '2c-f0-5d-38-53-3b', 'admin');
INSERT INTO `t_log` VALUES ('402881e5785a65dd01785a6c934f0005', 'DESKTOP-V7R6E68/192.168.1.101', '成功登录平台', '2021-03-22 22:52:48', '2c-f0-5d-38-53-3b', 'admin');
INSERT INTO `t_log` VALUES ('402881e5785a65dd01785a6ccdd90006', 'DESKTOP-V7R6E68/192.168.1.101', '成功登录平台', '2021-03-22 22:53:03', '2c-f0-5d-38-53-3b', 'admin');
INSERT INTO `t_log` VALUES ('402881e5785f66af01785f69d0210000', 'DESKTOP-V7R6E68/192.168.1.101', '成功登录平台', '2021-03-23 22:07:53', '2c-f0-5d-38-53-3b', 'admin');
INSERT INTO `t_log` VALUES ('402881e5785f8e5b01785f8e73980000', 'DESKTOP-V7R6E68/192.168.1.101', '成功登录平台', '2021-03-23 22:47:54', '2c-f0-5d-38-53-3b', 'admin');
INSERT INTO `t_log` VALUES ('402881e5785f944701785f95cc9a0000', 'DESKTOP-V7R6E68/192.168.1.101', '成功登录平台', '2021-03-23 22:55:56', '2c-f0-5d-38-53-3b', 'admin');
INSERT INTO `t_log` VALUES ('402881e5785f944701785f98cd360001', 'DESKTOP-V7R6E68/192.168.1.101', '成功登录平台', '2021-03-23 22:59:12', '2c-f0-5d-38-53-3b', 'admin');
INSERT INTO `t_log` VALUES ('402881e5785f944701785f998fe10002', 'DESKTOP-V7R6E68/192.168.1.101', '成功登录平台', '2021-03-23 23:00:02', '2c-f0-5d-38-53-3b', 'admin');
INSERT INTO `t_log` VALUES ('402881e5785f944701785fa114b70003', 'DESKTOP-V7R6E68/192.168.1.101', '成功登录平台', '2021-03-23 23:08:15', '2c-f0-5d-38-53-3b', 'admin');
INSERT INTO `t_log` VALUES ('402881e5785f944701785fa36bcf0004', 'DESKTOP-V7R6E68/192.168.1.101', '成功登录平台', '2021-03-23 23:10:48', '2c-f0-5d-38-53-3b', 'admin');
INSERT INTO `t_log` VALUES ('402881e5785f944701785fa4a6340005', 'DESKTOP-V7R6E68/192.168.1.101', '成功登录平台', '2021-03-23 23:12:09', '2c-f0-5d-38-53-3b', 'admin');
INSERT INTO `t_log` VALUES ('402881e57864706a01786471aa790000', 'DESKTOP-V7R6E68/192.168.1.101', '成功登录平台', '2021-03-24 21:34:34', '2c-f0-5d-38-53-3b', 'admin');
INSERT INTO `t_log` VALUES ('402881e57864706a0178647354500001', 'DESKTOP-V7R6E68/192.168.1.101', '成功登录平台', '2021-03-24 21:36:23', '2c-f0-5d-38-53-3b', 'admin');
INSERT INTO `t_log` VALUES ('402881e57864706a0178647355820002', 'DESKTOP-V7R6E68/192.168.1.101', '成功登录平台', '2021-03-24 21:36:23', '2c-f0-5d-38-53-3b', 'admin');
INSERT INTO `t_log` VALUES ('402881e57864706a01786473f8f20003', 'DESKTOP-V7R6E68/192.168.1.101', '成功登录平台', '2021-03-24 21:37:05', '2c-f0-5d-38-53-3b', 'admin');
INSERT INTO `t_log` VALUES ('402881e57864706a017864749dd60004', 'DESKTOP-V7R6E68/192.168.1.101', '成功登录平台', '2021-03-24 21:37:47', '2c-f0-5d-38-53-3b', 'admin');
INSERT INTO `t_log` VALUES ('402881e57864706a01786474ec820005', 'DESKTOP-V7R6E68/192.168.1.101', '成功登录平台', '2021-03-24 21:38:07', '2c-f0-5d-38-53-3b', 'admin');
INSERT INTO `t_log` VALUES ('402881e57864706a01786474ed280006', 'DESKTOP-V7R6E68/192.168.1.101', '成功登录平台', '2021-03-24 21:38:07', '2c-f0-5d-38-53-3b', 'admin');
INSERT INTO `t_log` VALUES ('402881e57864706a0178647c3fce0007', 'DESKTOP-V7R6E68/192.168.1.101', '成功登录平台', '2021-03-24 21:46:07', '2c-f0-5d-38-53-3b', 'admin');
INSERT INTO `t_log` VALUES ('402881e57864706a0178647d12080008', 'DESKTOP-V7R6E68/192.168.1.101', '成功登录平台', '2021-03-24 21:47:01', '2c-f0-5d-38-53-3b', 'admin');
INSERT INTO `t_log` VALUES ('402881e57864706a0178647d6d330009', 'DESKTOP-V7R6E68/192.168.1.101', '成功登录平台', '2021-03-24 21:47:24', '2c-f0-5d-38-53-3b', 'admin');
INSERT INTO `t_log` VALUES ('402881e57864706a0178647dc9c9000a', 'DESKTOP-V7R6E68/192.168.1.101', '成功登录平台', '2021-03-24 21:47:48', '2c-f0-5d-38-53-3b', 'admin');
INSERT INTO `t_log` VALUES ('402881e57864706a0178647e25f6000b', 'DESKTOP-V7R6E68/192.168.1.101', '成功登录平台', '2021-03-24 21:48:12', '2c-f0-5d-38-53-3b', 'admin');
INSERT INTO `t_log` VALUES ('402881e57864706a0178647e4c0c000c', 'DESKTOP-V7R6E68/192.168.1.101', '成功登录平台', '2021-03-24 21:48:21', '2c-f0-5d-38-53-3b', 'admin');
INSERT INTO `t_log` VALUES ('402881e57864706a0178647ee2f4000d', 'DESKTOP-V7R6E68/192.168.1.101', '成功登录平台', '2021-03-24 21:49:00', '2c-f0-5d-38-53-3b', 'admin');
INSERT INTO `t_log` VALUES ('402881e57864706a0178647fd3e8000f', 'DESKTOP-V7R6E68/192.168.1.101', '成功登录平台', '2021-03-24 21:50:02', '2c-f0-5d-38-53-3b', 'admin');
INSERT INTO `t_log` VALUES ('402881e57864706a01786481317c0010', 'DESKTOP-V7R6E68/192.168.1.101', '成功登录平台', '2021-03-24 21:51:31', '2c-f0-5d-38-53-3b', 'secadm');
INSERT INTO `t_log` VALUES ('402881e57864706a017864823ba70011', 'DESKTOP-V7R6E68/192.168.1.101', '成功登录平台', '2021-03-24 21:52:39', '2c-f0-5d-38-53-3b', 'admin');
INSERT INTO `t_log` VALUES ('402881e57864706a0178648588090014', 'DESKTOP-V7R6E68/192.168.1.101', '成功登录平台', '2021-03-24 21:56:16', '2c-f0-5d-38-53-3b', 'secadm');
INSERT INTO `t_log` VALUES ('402881e57864706a01786486fd410015', 'DESKTOP-V7R6E68/192.168.1.101', '成功登录平台', '2021-03-24 21:57:51', '2c-f0-5d-38-53-3b', 'secadm');
INSERT INTO `t_log` VALUES ('402881e57864878b0178648824f40000', 'DESKTOP-V7R6E68/192.168.1.101', '成功登录平台', '2021-03-24 21:59:07', '2c-f0-5d-38-53-3b', 'secadm');
INSERT INTO `t_log` VALUES ('402881e57864878b017864888ff00001', 'DESKTOP-V7R6E68/192.168.1.101', '成功登录平台', '2021-03-24 21:59:34', '2c-f0-5d-38-53-3b', 'secadm');
INSERT INTO `t_log` VALUES ('402881e57864878b01786488905c0002', 'DESKTOP-V7R6E68/192.168.1.101', '成功登录平台', '2021-03-24 21:59:34', '2c-f0-5d-38-53-3b', 'secadm');
INSERT INTO `t_log` VALUES ('402881e57864878b01786489cb130003', 'DESKTOP-V7R6E68/192.168.1.101', '成功登录平台', '2021-03-24 22:00:55', '2c-f0-5d-38-53-3b', 'secadm');
INSERT INTO `t_log` VALUES ('402881e57864878b0178648a5c6a0004', 'DESKTOP-V7R6E68/192.168.1.101', '成功登录平台', '2021-03-24 22:01:32', '2c-f0-5d-38-53-3b', 'admin');
INSERT INTO `t_log` VALUES ('402881e57864878b0178648b64ba0005', 'DESKTOP-V7R6E68/192.168.1.101', '成功登录平台', '2021-03-24 22:02:40', '2c-f0-5d-38-53-3b', 'secadm');
INSERT INTO `t_log` VALUES ('402881e57864878b0178648b64d80006', 'DESKTOP-V7R6E68/192.168.1.101', '成功登录平台', '2021-03-24 22:02:40', '2c-f0-5d-38-53-3b', 'secadm');
INSERT INTO `t_log` VALUES ('402881e57864878b0178648ba9310007', 'DESKTOP-V7R6E68/192.168.1.101', '成功登录平台', '2021-03-24 22:02:57', '2c-f0-5d-38-53-3b', 'secadm');
INSERT INTO `t_log` VALUES ('402881e57864878b0178648ba9420008', 'DESKTOP-V7R6E68/192.168.1.101', '成功登录平台', '2021-03-24 22:02:57', '2c-f0-5d-38-53-3b', 'secadm');
INSERT INTO `t_log` VALUES ('402881e57864878b0178648bd22c0009', 'DESKTOP-V7R6E68/192.168.1.101', '成功登录平台', '2021-03-24 22:03:08', '2c-f0-5d-38-53-3b', 'admin');
INSERT INTO `t_log` VALUES ('402881e578648c710178648ce28e0000', 'DESKTOP-V7R6E68/192.168.1.101', '成功登录平台', '2021-03-24 22:04:17', '2c-f0-5d-38-53-3b', 'admin');
INSERT INTO `t_log` VALUES ('402881e578648c710178648cf7dd0001', 'DESKTOP-V7R6E68/192.168.1.101', '成功登录平台', '2021-03-24 22:04:23', '2c-f0-5d-38-53-3b', 'secadm');
INSERT INTO `t_log` VALUES ('402881e578648c710178648d59f50002', 'DESKTOP-V7R6E68/192.168.1.101', '成功登录平台', '2021-03-24 22:04:48', '2c-f0-5d-38-53-3b', 'admin');
INSERT INTO `t_log` VALUES ('402881e578648c710178648d68db0003', 'DESKTOP-V7R6E68/192.168.1.101', '成功登录平台', '2021-03-24 22:04:52', '2c-f0-5d-38-53-3b', 'admin');
INSERT INTO `t_log` VALUES ('402881e578648c710178648d6a490004', 'DESKTOP-V7R6E68/192.168.1.101', '成功登录平台', '2021-03-24 22:04:52', '2c-f0-5d-38-53-3b', 'admin');
INSERT INTO `t_log` VALUES ('402881e578648c710178648d6acd0005', 'DESKTOP-V7R6E68/192.168.1.101', '成功登录平台', '2021-03-24 22:04:52', '2c-f0-5d-38-53-3b', 'admin');
INSERT INTO `t_log` VALUES ('402881e578648c710178648d6b470006', 'DESKTOP-V7R6E68/192.168.1.101', '成功登录平台', '2021-03-24 22:04:52', '2c-f0-5d-38-53-3b', 'admin');
INSERT INTO `t_log` VALUES ('402881e578648c710178648e998b0008', 'DESKTOP-V7R6E68/192.168.1.101', '成功登录平台', '2021-03-24 22:06:10', '2c-f0-5d-38-53-3b', 'admin');
INSERT INTO `t_log` VALUES ('402881e578648c71017864a5c638000a', 'DESKTOP-V7R6E68/192.168.1.101', '成功登录平台', '2021-03-24 22:31:29', '2c-f0-5d-38-53-3b', 'secadm');
INSERT INTO `t_log` VALUES ('402881e578648c71017864a5d3cf000b', 'DESKTOP-V7R6E68/192.168.1.101', '成功登录平台', '2021-03-24 22:31:32', '2c-f0-5d-38-53-3b', 'secadm');
INSERT INTO `t_log` VALUES ('402881e578648c71017864a607a1000c', 'DESKTOP-V7R6E68/192.168.1.101', '成功登录平台', '2021-03-24 22:31:45', '2c-f0-5d-38-53-3b', 'secadm');
INSERT INTO `t_log` VALUES ('402881e578648c71017864ac4000000d', 'DESKTOP-V7R6E68/192.168.1.101', '成功登录平台', '2021-03-24 22:38:33', '2c-f0-5d-38-53-3b', 'secadm');
INSERT INTO `t_log` VALUES ('402881e578648c71017864af8bb3000f', 'DESKTOP-V7R6E68/192.168.1.101', '成功登录平台', '2021-03-24 22:42:09', '2c-f0-5d-38-53-3b', 'secadm');
INSERT INTO `t_log` VALUES ('402881e57864b0a6017864b0c2680000', 'DESKTOP-V7R6E68/192.168.1.101', '成功登录平台', '2021-03-24 22:43:28', '2c-f0-5d-38-53-3b', 'secadm');
INSERT INTO `t_log` VALUES ('402881e57864b0a6017864b0e3a80001', 'DESKTOP-V7R6E68/192.168.1.101', '成功登录平台', '2021-03-24 22:43:37', '2c-f0-5d-38-53-3b', 'admin');
INSERT INTO `t_log` VALUES ('402881e57864b0a6017864b2845a0003', 'DESKTOP-V7R6E68/192.168.1.101', '成功登录平台', '2021-03-24 22:45:24', '2c-f0-5d-38-53-3b', 'secadm');
INSERT INTO `t_log` VALUES ('402881e57864b0a6017864b2ddb50005', 'DESKTOP-V7R6E68/192.168.1.101', '成功登录平台', '2021-03-24 22:45:47', '2c-f0-5d-38-53-3b', 'admin');
INSERT INTO `t_log` VALUES ('402881e57864b0a6017864b31a990006', 'DESKTOP-V7R6E68/192.168.1.101', '成功登录平台', '2021-03-24 22:46:02', '2c-f0-5d-38-53-3b', 'secadm');
INSERT INTO `t_log` VALUES ('402881e57864b0a6017864b351a90008', 'DESKTOP-V7R6E68/192.168.1.101', '成功登录平台', '2021-03-24 22:46:16', '2c-f0-5d-38-53-3b', 'secadm');
INSERT INTO `t_log` VALUES ('402881e57864b0a6017864b3858e0009', 'DESKTOP-V7R6E68/192.168.1.101', '成功登录平台', '2021-03-24 22:46:30', '2c-f0-5d-38-53-3b', 'admin');
INSERT INTO `t_log` VALUES ('402881e57864b0a6017864bb5207000a', 'DESKTOP-V7R6E68/192.168.1.101', '成功登录平台', '2021-03-24 22:55:01', '2c-f0-5d-38-53-3b', 'secadm');
INSERT INTO `t_log` VALUES ('402881e57864b0a6017864bbae0f000b', 'DESKTOP-V7R6E68/192.168.1.101', '成功登录平台', '2021-03-24 22:55:24', '2c-f0-5d-38-53-3b', 'secadm');
INSERT INTO `t_log` VALUES ('402881e57864b0a6017864bcdf48000c', 'DESKTOP-V7R6E68/192.168.1.101', '成功登录平台', '2021-03-24 22:56:42', '2c-f0-5d-38-53-3b', 'secadm');
INSERT INTO `t_log` VALUES ('402881e57864b0a6017864bd519b000d', 'DESKTOP-V7R6E68/192.168.1.101', '成功登录平台', '2021-03-24 22:57:12', '2c-f0-5d-38-53-3b', 'secadm');
INSERT INTO `t_log` VALUES ('402881e57864b0a6017864c1cf82000e', 'DESKTOP-V7R6E68/192.168.1.101', '成功登录平台', '2021-03-24 23:02:06', '2c-f0-5d-38-53-3b', 'secadm');
INSERT INTO `t_log` VALUES ('402881e57864b0a6017864c2fae3000f', 'DESKTOP-V7R6E68/192.168.1.101', '成功登录平台', '2021-03-24 23:03:23', '2c-f0-5d-38-53-3b', 'secadm');
INSERT INTO `t_log` VALUES ('402881e57864b0a6017864c433850010', 'DESKTOP-V7R6E68/192.168.1.101', '成功登录平台', '2021-03-24 23:04:43', '2c-f0-5d-38-53-3b', 'secadm');
INSERT INTO `t_log` VALUES ('402881e57864b0a6017864c473420011', 'DESKTOP-V7R6E68/192.168.1.101', '成功登录平台', '2021-03-24 23:04:59', '2c-f0-5d-38-53-3b', 'secadm');
INSERT INTO `t_log` VALUES ('402881e57864b0a6017864c4f3c40012', 'DESKTOP-V7R6E68/192.168.1.101', '成功登录平台', '2021-03-24 23:05:32', '2c-f0-5d-38-53-3b', 'secadm');
INSERT INTO `t_log` VALUES ('402881e57864b0a6017864c6a5530013', 'DESKTOP-V7R6E68/192.168.1.101', '成功登录平台', '2021-03-24 23:07:23', '2c-f0-5d-38-53-3b', 'secadm');
INSERT INTO `t_log` VALUES ('402881e57864b0a6017864c7735e0015', 'DESKTOP-V7R6E68/192.168.1.101', '成功登录平台', '2021-03-24 23:08:16', '2c-f0-5d-38-53-3b', 'secadm');
INSERT INTO `t_log` VALUES ('402881e57864b0a6017864c837250017', 'DESKTOP-V7R6E68/192.168.1.101', '成功登录平台', '2021-03-24 23:09:06', '2c-f0-5d-38-53-3b', 'secadm');
INSERT INTO `t_log` VALUES ('402881e57864b0a6017864c9555d0019', 'DESKTOP-V7R6E68/192.168.1.101', '成功登录平台', '2021-03-24 23:10:19', '2c-f0-5d-38-53-3b', 'secadm');
INSERT INTO `t_log` VALUES ('402881e57864b0a6017864caeb06001e', 'DESKTOP-V7R6E68/192.168.1.101', '成功登录平台', '2021-03-24 23:12:03', '2c-f0-5d-38-53-3b', 'secadm');
INSERT INTO `t_log` VALUES ('402881e57864b0a6017864cba0b30020', 'DESKTOP-V7R6E68/192.168.1.101', '成功登录平台', '2021-03-24 23:12:49', '2c-f0-5d-38-53-3b', 'secadm');
INSERT INTO `t_log` VALUES ('402881e57864b0a6017864cce31b0022', 'DESKTOP-V7R6E68/192.168.1.101', '成功登录平台', '2021-03-24 23:14:12', '2c-f0-5d-38-53-3b', 'secadm');
INSERT INTO `t_log` VALUES ('402881e57864b0a6017864cde13d0023', 'DESKTOP-V7R6E68/192.168.1.101', '成功登录平台', '2021-03-24 23:15:17', '2c-f0-5d-38-53-3b', 'secadm');
INSERT INTO `t_log` VALUES ('402881e57864b0a6017864ce03ef0024', 'DESKTOP-V7R6E68/192.168.1.101', '成功登录平台', '2021-03-24 23:15:26', '2c-f0-5d-38-53-3b', 'secadm');
INSERT INTO `t_log` VALUES ('402881e57864b0a6017864cf6c2e0025', 'DESKTOP-V7R6E68/192.168.1.101', '成功登录平台', '2021-03-24 23:16:58', '2c-f0-5d-38-53-3b', 'secadm');
INSERT INTO `t_log` VALUES ('402881e57864b0a6017864cfa7680026', 'DESKTOP-V7R6E68/192.168.1.101', '成功登录平台', '2021-03-24 23:17:13', '2c-f0-5d-38-53-3b', 'secadm');
INSERT INTO `t_log` VALUES ('402881e57864b0a6017864d06fce0027', 'DESKTOP-V7R6E68/192.168.1.101', '成功登录平台', '2021-03-24 23:18:05', '2c-f0-5d-38-53-3b', 'secadm');
INSERT INTO `t_log` VALUES ('402881e57864b0a6017864d09e560028', 'DESKTOP-V7R6E68/192.168.1.101', '成功登录平台', '2021-03-24 23:18:16', '2c-f0-5d-38-53-3b', 'secadm');
INSERT INTO `t_log` VALUES ('402881e57864b0a6017864d2b1330029', 'DESKTOP-V7R6E68/192.168.1.101', '成功登录平台', '2021-03-24 23:20:32', '2c-f0-5d-38-53-3b', 'secadm');
INSERT INTO `t_log` VALUES ('402881e57864b0a6017864d2c728002a', 'DESKTOP-V7R6E68/192.168.1.101', '成功登录平台', '2021-03-24 23:20:38', '2c-f0-5d-38-53-3b', 'secadm');
INSERT INTO `t_log` VALUES ('402881e57864b0a6017864d2c7f7002b', 'DESKTOP-V7R6E68/192.168.1.101', '成功登录平台', '2021-03-24 23:20:38', '2c-f0-5d-38-53-3b', 'secadm');
INSERT INTO `t_log` VALUES ('402881e57864b0a6017864d30ff1002c', 'DESKTOP-V7R6E68/192.168.1.101', '成功登录平台', '2021-03-24 23:20:57', '2c-f0-5d-38-53-3b', 'secadm');
INSERT INTO `t_log` VALUES ('402881e57864b0a6017864d3a458002d', 'DESKTOP-V7R6E68/192.168.1.101', '成功登录平台', '2021-03-24 23:21:35', '2c-f0-5d-38-53-3b', 'secadm');
INSERT INTO `t_log` VALUES ('402881e57864b0a6017864d3f26d002e', 'DESKTOP-V7R6E68/192.168.1.101', '成功登录平台', '2021-03-24 23:21:55', '2c-f0-5d-38-53-3b', 'secadm');
INSERT INTO `t_log` VALUES ('402881e57864b0a6017864d44045002f', 'DESKTOP-V7R6E68/192.168.1.101', '成功登录平台', '2021-03-24 23:22:14', '2c-f0-5d-38-53-3b', 'secadm');
INSERT INTO `t_log` VALUES ('402881e57864b0a6017864d4c14e0030', 'DESKTOP-V7R6E68/192.168.1.101', '成功登录平台', '2021-03-24 23:22:48', '2c-f0-5d-38-53-3b', 'secadm');
INSERT INTO `t_log` VALUES ('402881e57864b0a6017864d52b690031', 'DESKTOP-V7R6E68/192.168.1.101', '成功登录平台', '2021-03-24 23:23:15', '2c-f0-5d-38-53-3b', 'secadm');
INSERT INTO `t_log` VALUES ('402881e57864d649017864d65f250000', 'DESKTOP-V7R6E68/192.168.1.101', '成功登录平台', '2021-03-24 23:24:33', '2c-f0-5d-38-53-3b', 'secadm');
INSERT INTO `t_log` VALUES ('402881e57864d649017864d6f3dd0001', 'DESKTOP-V7R6E68/192.168.1.101', '成功登录平台', '2021-03-24 23:25:12', '2c-f0-5d-38-53-3b', 'secadm');
INSERT INTO `t_log` VALUES ('402881e578794b1c0178794c4aa80001', 'DESKTOP-V7R6E68/192.168.1.101', '成功登录平台', '2021-03-28 22:45:46', '2c-f0-5d-38-53-3b', 'admin');
INSERT INTO `t_log` VALUES ('402881e578a72b3a0178a72cff1f0000', 'DESKTOP-V7R6E68/192.168.1.101', '成功登录平台', '2021-04-06 20:34:07', '2c-f0-5d-38-53-3b', 'admin');
INSERT INTO `t_log` VALUES ('402881e578a72b3a0178a72e819c0001', 'DESKTOP-V7R6E68/192.168.1.101', '成功登录平台', '2021-04-06 20:35:46', '2c-f0-5d-38-53-3b', 'admin');
INSERT INTO `t_log` VALUES ('402881e578a72b3a0178a72eb4000002', 'DESKTOP-V7R6E68/192.168.1.101', '成功登录平台', '2021-04-06 20:35:59', '2c-f0-5d-38-53-3b', 'admin');
INSERT INTO `t_log` VALUES ('402881e578a72b3a0178a731d4e30003', 'DESKTOP-V7R6E68/192.168.1.101', '成功登录平台', '2021-04-06 20:39:24', '2c-f0-5d-38-53-3b', 'admin');
INSERT INTO `t_log` VALUES ('402881e578a72b3a0178a7396bd30004', 'DESKTOP-V7R6E68/192.168.1.101', '成功登录平台', '2021-04-06 20:47:41', '2c-f0-5d-38-53-3b', 'admin');
INSERT INTO `t_log` VALUES ('402881e578a72b3a0178a73a12070005', 'DESKTOP-V7R6E68/192.168.1.101', '成功登录平台', '2021-04-06 20:48:24', '2c-f0-5d-38-53-3b', 'admin');
INSERT INTO `t_log` VALUES ('402881f878a743e20178a7440d2b0000', 'DESKTOP-V7R6E68/192.168.1.120', '成功登录平台', '2021-04-06 20:59:18', '2c-f0-5d-38-53-3b', 'admin');
INSERT INTO `t_log` VALUES ('402881f878a743e20178a7542b850001', 'DESKTOP-V7R6E68/192.168.1.120', '成功登录平台', '2021-04-06 21:16:54', '2c-f0-5d-38-53-3b', 'admin');
INSERT INTO `t_log` VALUES ('402881f878a743e20178a75feed00002', 'DESKTOP-V7R6E68/192.168.1.120', '成功登录平台', '2021-04-06 21:29:45', '2c-f0-5d-38-53-3b', 'admin');
INSERT INTO `t_log` VALUES ('402881f878a743e20178a767270c0003', 'DESKTOP-V7R6E68/192.168.1.120', '成功登录平台', '2021-04-06 21:37:38', '2c-f0-5d-38-53-3b', 'admin');
INSERT INTO `t_log` VALUES ('402881f878a743e20178a76737210004', 'DESKTOP-V7R6E68/192.168.1.120', '查看告警日志信息', '2021-04-06 21:37:42', '2c-f0-5d-38-53-3b', 'admin');
INSERT INTO `t_log` VALUES ('402881f878a743e20178a774c5960007', 'DESKTOP-V7R6E68/192.168.1.120', '成功登录平台', '2021-04-06 21:52:31', '2c-f0-5d-38-53-3b', 'admin');
INSERT INTO `t_log` VALUES ('402881f878a743e20178a77b3fdb000c', 'DESKTOP-V7R6E68/192.168.1.120', '成功登录平台', '2021-04-06 21:59:35', '2c-f0-5d-38-53-3b', 'admin');
INSERT INTO `t_log` VALUES ('402881f878a743e20178a7814f0f000f', 'DESKTOP-V7R6E68/192.168.1.120', '成功登录平台', '2021-04-06 22:06:12', '2c-f0-5d-38-53-3b', 'admin');
INSERT INTO `t_log` VALUES ('402881f878a743e20178a78426b30011', 'DESKTOP-V7R6E68/192.168.1.120', '成功登录平台', '2021-04-06 22:09:19', '2c-f0-5d-38-53-3b', 'admin');
INSERT INTO `t_log` VALUES ('402881f878a743e20178a78451510013', 'DESKTOP-V7R6E68/192.168.1.120', '成功登录平台', '2021-04-06 22:09:29', '2c-f0-5d-38-53-3b', 'admin');
INSERT INTO `t_log` VALUES ('402881f878a743e20178a784525d0014', 'DESKTOP-V7R6E68/192.168.1.120', '成功登录平台', '2021-04-06 22:09:30', '2c-f0-5d-38-53-3b', 'admin');
INSERT INTO `t_log` VALUES ('402881f878a743e20178a784531d0015', 'DESKTOP-V7R6E68/192.168.1.120', '成功登录平台', '2021-04-06 22:09:30', '2c-f0-5d-38-53-3b', 'admin');
INSERT INTO `t_log` VALUES ('402881f878a743e20178a78453b20016', 'DESKTOP-V7R6E68/192.168.1.120', '成功登录平台', '2021-04-06 22:09:30', '2c-f0-5d-38-53-3b', 'admin');
INSERT INTO `t_log` VALUES ('402881f878a743e20178a78454230017', 'DESKTOP-V7R6E68/192.168.1.120', '成功登录平台', '2021-04-06 22:09:30', '2c-f0-5d-38-53-3b', 'admin');
INSERT INTO `t_log` VALUES ('402881f878a743e20178a78454a20018', 'DESKTOP-V7R6E68/192.168.1.120', '成功登录平台', '2021-04-06 22:09:30', '2c-f0-5d-38-53-3b', 'admin');
INSERT INTO `t_log` VALUES ('402881f878a743e20178a78647ad0019', 'DESKTOP-V7R6E68/192.168.1.120', '成功登录平台', '2021-04-06 22:11:38', '2c-f0-5d-38-53-3b', 'admin');
INSERT INTO `t_log` VALUES ('402881f878a743e20178a78d08ab001b', 'DESKTOP-V7R6E68/192.168.1.120', '成功登录平台', '2021-04-06 22:19:01', '2c-f0-5d-38-53-3b', 'admin');
INSERT INTO `t_log` VALUES ('402881f878a743e20178a78d5090001d', 'DESKTOP-V7R6E68/192.168.1.120', '成功登录平台', '2021-04-06 22:19:19', '2c-f0-5d-38-53-3b', 'admin');
INSERT INTO `t_log` VALUES ('402881f878a743e20178a78e3e85001e', 'DESKTOP-V7R6E68/192.168.1.120', '成功登录平台', '2021-04-06 22:20:20', '2c-f0-5d-38-53-3b', 'admin');
INSERT INTO `t_log` VALUES ('4028f981780b699401780b69f72d0000', 'DESKTOP-V7R6E68/192.168.121.1', '密码登录失败1次!', '2021-03-07 14:39:57', '00-50-56-c0-00-08', 'admin');
INSERT INTO `t_log` VALUES ('4028f981780b699401780b6a198b0001', 'DESKTOP-V7R6E68/192.168.121.1', '成功登录平台', '2021-03-07 14:40:06', '00-50-56-c0-00-08', 'admin');
INSERT INTO `t_log` VALUES ('4028f981780b699401780b6b00770002', 'DESKTOP-V7R6E68/192.168.121.1', '查看告警日志信息', '2021-03-07 14:41:05', '00-50-56-c0-00-08', 'admin');
INSERT INTO `t_log` VALUES ('4028f9817821356301782135cc6f0000', 'DESKTOP-V7R6E68/192.168.121.1', '成功登录平台', '2021-03-11 20:14:37', '00-50-56-c0-00-08', 'admin');
INSERT INTO `t_log` VALUES ('4028f98178215c310178215ca1b50000', 'DESKTOP-V7R6E68/192.168.121.1', '成功登录平台', '2021-03-11 20:57:02', '00-50-56-c0-00-08', 'admin');
INSERT INTO `t_log` VALUES ('4028f9817830c8d1017830ce24140000', 'DESKTOP-V7R6E68/192.168.121.1', '密码登录失败1次!', '2021-03-14 20:55:19', '00-50-56-c0-00-08', 'secadm');
INSERT INTO `t_log` VALUES ('4028f9817830c8d1017830ce4b9d0001', 'DESKTOP-V7R6E68/192.168.121.1', '成功登录平台', '2021-03-14 20:55:29', '00-50-56-c0-00-08', 'secadm');
INSERT INTO `t_log` VALUES ('4028f9817830c8d1017830cf91b10002', 'DESKTOP-V7R6E68/192.168.121.1', '成功登录平台', '2021-03-14 20:56:52', '00-50-56-c0-00-08', 'secadm');
INSERT INTO `t_log` VALUES ('4028f9817830c8d1017830cff9500003', 'DESKTOP-V7R6E68/192.168.121.1', '密码登录失败1次!', '2021-03-14 20:57:19', '00-50-56-c0-00-08', 'root');
INSERT INTO `t_log` VALUES ('4028f9817830c8d1017830d059440004', 'DESKTOP-V7R6E68/192.168.121.1', '成功登录平台', '2021-03-14 20:57:44', '00-50-56-c0-00-08', 'admin');
INSERT INTO `t_log` VALUES ('4028f9817830c8d1017830d0c7f30005', 'DESKTOP-V7R6E68/192.168.121.1', '查询用户角色信息', '2021-03-14 20:58:12', '00-50-56-c0-00-08', 'admin');
INSERT INTO `t_log` VALUES ('4028f9817830c8d1017830d17794000d', 'DESKTOP-V7R6E68/192.168.121.1', '成功登录平台', '2021-03-14 20:58:57', '00-50-56-c0-00-08', 'secadm');
INSERT INTO `t_log` VALUES ('4028f9817830c8d1017830d2420d000e', 'DESKTOP-V7R6E68/192.168.121.1', '成功登录平台', '2021-03-14 20:59:49', '00-50-56-c0-00-08', 'secadm');
INSERT INTO `t_log` VALUES ('4028f9817830c8d1017830d27ef1000f', 'DESKTOP-V7R6E68/192.168.121.1', '查看告警日志信息', '2021-03-14 21:00:04', '00-50-56-c0-00-08', 'secadm');
INSERT INTO `t_log` VALUES ('4028f9817830c8d1017830d3167f0010', 'DESKTOP-V7R6E68/192.168.121.1', '密码登录失败1次!', '2021-03-14 21:00:43', '00-50-56-c0-00-08', 'admin');
INSERT INTO `t_log` VALUES ('4028f9817830c8d1017830d334580011', 'DESKTOP-V7R6E68/192.168.121.1', '密码登录失败2次!', '2021-03-14 21:00:51', '00-50-56-c0-00-08', 'admin');
INSERT INTO `t_log` VALUES ('4028f9817830c8d1017830d3626c0012', 'DESKTOP-V7R6E68/192.168.121.1', '密码登录失败3次!', '2021-03-14 21:01:02', '00-50-56-c0-00-08', 'admin');
INSERT INTO `t_log` VALUES ('4028f9817830c8d1017830d3a3080013', 'DESKTOP-V7R6E68/192.168.121.1', '成功登录平台', '2021-03-14 21:01:19', '00-50-56-c0-00-08', 'admin');
INSERT INTO `t_log` VALUES ('4028f9817830c8d1017830d3f1ce0014', 'DESKTOP-V7R6E68/192.168.121.1', '查看告警日志信息', '2021-03-14 21:01:39', '00-50-56-c0-00-08', 'admin');
INSERT INTO `t_log` VALUES ('4028f9817830c8d1017830d405160015', 'DESKTOP-V7R6E68/192.168.121.1', '查看告警日志信息', '2021-03-14 21:01:44', '00-50-56-c0-00-08', 'admin');
INSERT INTO `t_log` VALUES ('4028f9817830e38d017830e6270e0000', 'DESKTOP-V7R6E68/192.168.121.1', '密码登录失败1次!', '2021-03-14 21:21:32', '00-50-56-c0-00-08', 'admin');
INSERT INTO `t_log` VALUES ('4028f9817830e6c7017830e7c2600000', 'DESKTOP-V7R6E68/192.168.121.1', '成功登录平台', '2021-03-14 21:23:18', '00-50-56-c0-00-08', 'admin');
INSERT INTO `t_log` VALUES ('4028f981783106b9017831071cad0000', 'DESKTOP-V7R6E68/192.168.121.1', '密码登录失败1次!', '2021-03-14 21:57:32', '00-50-56-c0-00-08', 'admin');
INSERT INTO `t_log` VALUES ('4028f981783106b9017831074c410001', 'DESKTOP-V7R6E68/192.168.121.1', '成功登录平台', '2021-03-14 21:57:45', '00-50-56-c0-00-08', 'admin');
INSERT INTO `t_log` VALUES ('4028f981783106b90178310862320002', 'DESKTOP-V7R6E68/192.168.121.1', '成功登录平台', '2021-03-14 21:58:56', '00-50-56-c0-00-08', 'admin');
INSERT INTO `t_log` VALUES ('4028f981783106b9017831135a6b0003', 'DESKTOP-V7R6E68/192.168.121.1', '成功登录平台', '2021-03-14 22:10:55', '00-50-56-c0-00-08', 'admin');
INSERT INTO `t_log` VALUES ('4028f981783106b90178311374720004', 'DESKTOP-V7R6E68/192.168.121.1', '成功登录平台', '2021-03-14 22:11:01', '00-50-56-c0-00-08', 'admin');
INSERT INTO `t_log` VALUES ('4028f98178455c3e0178455dae2f0000', 'DESKTOP-V7R6E68/192.168.121.1', '密码登录失败1次!', '2021-03-18 20:44:30', '00-50-56-c0-00-08', 'admin');
INSERT INTO `t_log` VALUES ('4028f98178455c3e0178455de69e0001', 'DESKTOP-V7R6E68/192.168.121.1', '成功登录平台', '2021-03-18 20:44:45', '00-50-56-c0-00-08', 'admin');
INSERT INTO `t_log` VALUES ('4028f98178455c3e01784560992d0002', 'DESKTOP-V7R6E68/192.168.121.1', '成功登录平台', '2021-03-18 20:47:41', '00-50-56-c0-00-08', 'secadm');
INSERT INTO `t_log` VALUES ('4028f98178455c3e017845634ff90003', 'DESKTOP-V7R6E68/192.168.121.1', '成功登录平台', '2021-03-18 20:50:39', '00-50-56-c0-00-08', 'auditadm');
INSERT INTO `t_log` VALUES ('4028f98178455c3e01784569378a0004', 'DESKTOP-V7R6E68/192.168.121.1', '查看告警日志信息', '2021-03-18 20:57:06', '00-50-56-c0-00-08', 'admin');
INSERT INTO `t_log` VALUES ('4028f98178455c3e0178456b89db0005', 'DESKTOP-V7R6E68/192.168.121.1', '成功登录平台', '2021-03-18 20:59:38', '00-50-56-c0-00-08', 'admin');
INSERT INTO `t_log` VALUES ('4028f98178455c3e0178456bae0f0006', 'DESKTOP-V7R6E68/192.168.121.1', '成功登录平台', '2021-03-18 20:59:48', '00-50-56-c0-00-08', 'admin');
INSERT INTO `t_log` VALUES ('4028f98178455c3e0178456bbefe0007', 'DESKTOP-V7R6E68/192.168.121.1', '成功登录平台', '2021-03-18 20:59:52', '00-50-56-c0-00-08', 'admin');
INSERT INTO `t_log` VALUES ('4028f98178455c3e0178456beb9d0008', 'DESKTOP-V7R6E68/192.168.121.1', '查询用户角色信息', '2021-03-18 21:00:03', '00-50-56-c0-00-08', 'admin');
INSERT INTO `t_log` VALUES ('4028f98178455c3e0178456bf7be0009', 'DESKTOP-V7R6E68/192.168.121.1', '查询用户角色信息', '2021-03-18 21:00:06', '00-50-56-c0-00-08', 'admin');
INSERT INTO `t_log` VALUES ('4028f98178455c3e0178456bf9a9000a', 'DESKTOP-V7R6E68/192.168.121.1', '查询用户角色信息', '2021-03-18 21:00:07', '00-50-56-c0-00-08', 'admin');
INSERT INTO `t_log` VALUES ('4028f98178455c3e0178456c0ea9000b', 'DESKTOP-V7R6E68/192.168.121.1', '查看菜单', '2021-03-18 21:00:12', '00-50-56-c0-00-08', 'admin');
INSERT INTO `t_log` VALUES ('4028f98178455c3e0178456fbd05000c', 'DESKTOP-V7R6E68/192.168.121.1', '查看菜单', '2021-03-18 21:04:14', '00-50-56-c0-00-08', 'admin');
INSERT INTO `t_log` VALUES ('4028f98178455c3e01784571af40000d', 'DESKTOP-V7R6E68/192.168.121.1', '查看菜单', '2021-03-18 21:06:21', '00-50-56-c0-00-08', 'admin');
INSERT INTO `t_log` VALUES ('4028f981784586dc017845917b540000', 'DESKTOP-V7R6E68/192.168.121.1', '密码登录失败2次!', '2021-03-18 21:41:05', '00-50-56-c0-00-08', 'root');
INSERT INTO `t_log` VALUES ('4028f981784586dc017845919a2d0001', 'DESKTOP-V7R6E68/192.168.121.1', '成功登录平台', '2021-03-18 21:41:13', '00-50-56-c0-00-08', 'admin');
INSERT INTO `t_log` VALUES ('4028f981784586dc0178459270290002', 'DESKTOP-V7R6E68/192.168.121.1', '成功登录平台', '2021-03-18 21:42:08', '00-50-56-c0-00-08', 'secadm');
INSERT INTO `t_log` VALUES ('4028f981784586dc017845932c6e0003', 'DESKTOP-V7R6E68/192.168.121.1', '查看告警日志信息', '2021-03-18 21:42:56', '00-50-56-c0-00-08', 'secadm');
INSERT INTO `t_log` VALUES ('4028f981784586dc0178459912090004', 'DESKTOP-V7R6E68/192.168.121.1', '查看告警日志信息', '2021-03-18 21:49:22', '00-50-56-c0-00-08', 'secadm');
INSERT INTO `t_log` VALUES ('4028f981784586dc017845a4d8b50005', 'DESKTOP-V7R6E68/192.168.121.1', '密码登录失败1次!', '2021-03-18 22:02:14', '00-50-56-c0-00-08', 'admin');
INSERT INTO `t_log` VALUES ('4028f981784586dc017845a508ba0006', 'DESKTOP-V7R6E68/192.168.121.1', '成功登录平台', '2021-03-18 22:02:26', '00-50-56-c0-00-08', 'admin');
INSERT INTO `t_log` VALUES ('4028f981784586dc017845a7a5320007', 'DESKTOP-V7R6E68/192.168.121.1', '成功登录平台', '2021-03-18 22:05:18', '00-50-56-c0-00-08', 'admin');
INSERT INTO `t_log` VALUES ('4028f981784586dc017845a8b98c0008', 'DESKTOP-V7R6E68/192.168.121.1', '密码登录失败1次!', '2021-03-18 22:06:28', '00-50-56-c0-00-08', 'admin');
INSERT INTO `t_log` VALUES ('4028f981784586dc017845a8d1820009', 'DESKTOP-V7R6E68/192.168.121.1', '成功登录平台', '2021-03-18 22:06:34', '00-50-56-c0-00-08', 'admin');
INSERT INTO `t_log` VALUES ('4028f981784586dc017845adaa22000a', 'DESKTOP-V7R6E68/192.168.121.1', '成功登录平台', '2021-03-18 22:11:52', '00-50-56-c0-00-08', 'admin');
INSERT INTO `t_log` VALUES ('4028f981784586dc017845b9be6b000b', 'DESKTOP-V7R6E68/192.168.121.1', '成功登录平台', '2021-03-18 22:25:04', '00-50-56-c0-00-08', 'admin');
INSERT INTO `t_log` VALUES ('4028f981784586dc017845b9c79c000c', 'DESKTOP-V7R6E68/192.168.121.1', '成功登录平台', '2021-03-18 22:25:06', '00-50-56-c0-00-08', 'admin');
INSERT INTO `t_log` VALUES ('4028f9817845bac2017845baec0f0000', 'DESKTOP-V7R6E68/192.168.121.1', '成功登录平台', '2021-03-18 22:26:21', '00-50-56-c0-00-08', 'admin');
INSERT INTO `t_log` VALUES ('4028f9817845bac2017845bc3fc20001', 'DESKTOP-V7R6E68/192.168.121.1', '密码登录失败1次!', '2021-03-18 22:27:48', '00-50-56-c0-00-08', 'admin');
INSERT INTO `t_log` VALUES ('4028f9817845bac2017845bc585f0002', 'DESKTOP-V7R6E68/192.168.121.1', '成功登录平台', '2021-03-18 22:27:54', '00-50-56-c0-00-08', 'admin');
INSERT INTO `t_log` VALUES ('4028f9817845bd56017845bd7e730000', 'DESKTOP-V7R6E68/192.168.121.1', '成功登录平台', '2021-03-18 22:29:09', '00-50-56-c0-00-08', 'admin');
INSERT INTO `t_log` VALUES ('4028f9817845bd56017845bdb8da0001', 'DESKTOP-V7R6E68/192.168.121.1', '成功登录平台', '2021-03-18 22:29:24', '00-50-56-c0-00-08', 'admin');
INSERT INTO `t_log` VALUES ('4028f9817845bd56017845bdf5600002', 'DESKTOP-V7R6E68/192.168.121.1', '成功登录平台', '2021-03-18 22:29:40', '00-50-56-c0-00-08', 'auditadm');
INSERT INTO `t_log` VALUES ('4028f981784d689501784d6e72fd0000', 'DESKTOP-V7R6E68/192.168.121.1', '成功登录平台', '2021-03-20 10:19:47', '00-50-56-c0-00-08', 'admin');
INSERT INTO `t_log` VALUES ('4028f981784d79e201784d7a44a20000', 'DESKTOP-V7R6E68/192.168.121.1', '成功登录平台', '2021-03-20 10:32:41', '00-50-56-c0-00-08', 'admin');
INSERT INTO `t_log` VALUES ('4028f981784dd60b01784dda3a520008', 'DESKTOP-V7R6E68/192.168.121.1', '成功登录平台', '2021-03-20 12:17:30', '00-50-56-c0-00-08', 'admin');
INSERT INTO `t_log` VALUES ('4028f981784dd60b01784dda475e0009', 'DESKTOP-V7R6E68/192.168.121.1', '查看告警日志信息', '2021-03-20 12:17:34', '00-50-56-c0-00-08', 'admin');
INSERT INTO `t_log` VALUES ('4028f981784fc4bc01784fd248fb0000', 'DESKTOP-V7R6E68/192.168.121.1', '成功登录平台', '2021-03-20 21:28:04', '00-50-56-c0-00-08', 'admin');
INSERT INTO `t_log` VALUES ('4028f981784fc4bc01784fd2533a0001', 'DESKTOP-V7R6E68/192.168.121.1', '查看告警日志信息', '2021-03-20 21:28:07', '00-50-56-c0-00-08', 'admin');
INSERT INTO `t_log` VALUES ('4028f981784ff5ee01784ff6f5610000', 'DESKTOP-V7R6E68/192.168.121.1', '成功登录平台', '2021-03-20 22:08:08', '00-50-56-c0-00-08', 'admin');
INSERT INTO `t_log` VALUES ('4028f981784ff5ee01784ff701070001', 'DESKTOP-V7R6E68/192.168.121.1', '查看告警日志信息', '2021-03-20 22:08:11', '00-50-56-c0-00-08', 'admin');
INSERT INTO `t_log` VALUES ('4028f9817850139801785013c06a0000', 'DESKTOP-V7R6E68/192.168.121.1', '成功登录平台', '2021-03-20 22:39:35', '00-50-56-c0-00-08', 'admin');
INSERT INTO `t_log` VALUES ('4028f9817850139801785014428f0002', 'DESKTOP-V7R6E68/192.168.121.1', '查看告警日志信息', '2021-03-20 22:40:08', '00-50-56-c0-00-08', 'admin');
INSERT INTO `t_log` VALUES ('4028f981785013980178501516bd0003', 'DESKTOP-V7R6E68/192.168.121.1', '成功登录平台', '2021-03-20 22:41:02', '00-50-56-c0-00-08', 'admin');
INSERT INTO `t_log` VALUES ('4028f9817850186901785018aab00000', 'DESKTOP-V7R6E68/192.168.121.1', '成功登录平台', '2021-03-20 22:44:57', '00-50-56-c0-00-08', 'admin');
INSERT INTO `t_log` VALUES ('4028f9817850186901785018cc840001', 'DESKTOP-V7R6E68/192.168.121.1', '成功登录平台', '2021-03-20 22:45:05', '00-50-56-c0-00-08', 'admin');
INSERT INTO `t_log` VALUES ('4028f98178531c030178531d30340000', 'DESKTOP-V7R6E68/192.168.121.1', '成功登录平台', '2021-03-21 12:48:45', '00-50-56-c0-00-08', 'admin');
INSERT INTO `t_log` VALUES ('4028f98178531c03017853216b280001', 'DESKTOP-V7R6E68/192.168.121.1', '成功登录平台', '2021-03-21 12:53:22', '00-50-56-c0-00-08', 'admin');
INSERT INTO `t_log` VALUES ('4028f98178531c03017853220f920002', 'DESKTOP-V7R6E68/192.168.121.1', '成功登录平台', '2021-03-21 12:54:04', '00-50-56-c0-00-08', 'admin');
INSERT INTO `t_log` VALUES ('4028f98178531c03017853229e2e0003', 'DESKTOP-V7R6E68/192.168.121.1', '成功登录平台', '2021-03-21 12:54:40', '00-50-56-c0-00-08', 'admin');
INSERT INTO `t_log` VALUES ('4028f98178531c030178532409430004', 'DESKTOP-V7R6E68/192.168.121.1', '成功登录平台', '2021-03-21 12:56:13', '00-50-56-c0-00-08', 'admin');
INSERT INTO `t_log` VALUES ('4028f98178531c0301785324f76f0005', 'DESKTOP-V7R6E68/192.168.121.1', '成功登录平台', '2021-03-21 12:57:14', '00-50-56-c0-00-08', 'admin');
INSERT INTO `t_log` VALUES ('4028f981785327db0178532807130000', 'DESKTOP-V7R6E68/192.168.121.1', '成功登录平台', '2021-03-21 13:00:35', '00-50-56-c0-00-08', 'admin');
INSERT INTO `t_log` VALUES ('4028f981785327db0178533289570001', 'DESKTOP-V7R6E68/192.168.121.1', '成功登录平台', '2021-03-21 13:12:04', '00-50-56-c0-00-08', 'admin');
INSERT INTO `t_log` VALUES ('4028f981785327db01785332d6430002', 'DESKTOP-V7R6E68/192.168.121.1', '成功登录平台', '2021-03-21 13:12:23', '00-50-56-c0-00-08', 'admin');
INSERT INTO `t_log` VALUES ('4028f9817853388701785339460e0000', 'DESKTOP-V7R6E68/192.168.121.1', '成功登录平台', '2021-03-21 13:19:25', '00-50-56-c0-00-08', 'admin');
INSERT INTO `t_log` VALUES ('4028f981785338870178533a786d0001', 'DESKTOP-V7R6E68/192.168.121.1', '查看告警日志信息', '2021-03-21 13:20:44', '00-50-56-c0-00-08', 'admin');
INSERT INTO `t_log` VALUES ('4028f981785338870178533b5ccb0002', 'DESKTOP-V7R6E68/192.168.121.1', '查看告警日志信息', '2021-03-21 13:21:42', '00-50-56-c0-00-08', 'admin');
INSERT INTO `t_log` VALUES ('4028f981785338870178533f93bb0003', 'DESKTOP-V7R6E68/192.168.121.1', '查看告警日志信息', '2021-03-21 13:26:18', '00-50-56-c0-00-08', 'admin');
INSERT INTO `t_log` VALUES ('4028f981785338870178534027eb0004', 'DESKTOP-V7R6E68/192.168.121.1', '成功登录平台', '2021-03-21 13:26:56', '00-50-56-c0-00-08', 'admin');
INSERT INTO `t_log` VALUES ('4028f98178533887017853402dbd0005', 'DESKTOP-V7R6E68/192.168.121.1', '查看告警日志信息', '2021-03-21 13:26:58', '00-50-56-c0-00-08', 'admin');
INSERT INTO `t_log` VALUES ('4028f9817853465e017853467d3b0000', 'DESKTOP-V7R6E68/192.168.121.1', '成功登录平台', '2021-03-21 13:33:51', '00-50-56-c0-00-08', 'admin');
INSERT INTO `t_log` VALUES ('4028f9817853465e0178534680140001', 'DESKTOP-V7R6E68/192.168.121.1', '查看告警日志信息', '2021-03-21 13:33:52', '00-50-56-c0-00-08', 'admin');
INSERT INTO `t_log` VALUES ('4028f9817853465e01785346836a0002', 'DESKTOP-V7R6E68/192.168.121.1', '查看告警日志信息', '2021-03-21 13:33:53', '00-50-56-c0-00-08', 'admin');
INSERT INTO `t_log` VALUES ('4028f9817853465e017853469a3b0003', 'DESKTOP-V7R6E68/192.168.121.1', '查看告警日志信息', '2021-03-21 13:33:59', '00-50-56-c0-00-08', 'admin');
INSERT INTO `t_log` VALUES ('4028f9817853465e01785346afc50004', 'DESKTOP-V7R6E68/192.168.121.1', '查看告警日志信息', '2021-03-21 13:34:04', '00-50-56-c0-00-08', 'admin');
INSERT INTO `t_log` VALUES ('4028f9817853465e01785346ce1e0005', 'DESKTOP-V7R6E68/192.168.121.1', '查看告警日志信息', '2021-03-21 13:34:12', '00-50-56-c0-00-08', 'admin');
INSERT INTO `t_log` VALUES ('4028f9817853479e01785347b0d70000', 'DESKTOP-V7R6E68/192.168.121.1', '成功登录平台', '2021-03-21 13:35:10', '00-50-56-c0-00-08', 'admin');
INSERT INTO `t_log` VALUES ('4028f9817853479e01785347ba560001', 'DESKTOP-V7R6E68/192.168.121.1', '查看告警日志信息', '2021-03-21 13:35:12', '00-50-56-c0-00-08', 'admin');
INSERT INTO `t_log` VALUES ('4028f9817853479e01785347c6130002', 'DESKTOP-V7R6E68/192.168.121.1', '查看告警日志信息', '2021-03-21 13:35:15', '00-50-56-c0-00-08', 'admin');
INSERT INTO `t_log` VALUES ('4028f9817853479e01785347d16f0003', 'DESKTOP-V7R6E68/192.168.121.1', '查看告警日志信息', '2021-03-21 13:35:18', '00-50-56-c0-00-08', 'admin');
INSERT INTO `t_log` VALUES ('4028f9817853479e01785348140a0004', 'DESKTOP-V7R6E68/192.168.121.1', '查看告警日志信息', '2021-03-21 13:35:35', '00-50-56-c0-00-08', 'admin');
INSERT INTO `t_log` VALUES ('4028f9817853479e01785348c5600005', 'DESKTOP-V7R6E68/192.168.121.1', '成功登录平台', '2021-03-21 13:36:21', '00-50-56-c0-00-08', 'admin');
INSERT INTO `t_log` VALUES ('4028f9817853479e01785348c5da0006', 'DESKTOP-V7R6E68/192.168.121.1', '查看告警日志信息', '2021-03-21 13:36:21', '00-50-56-c0-00-08', 'admin');
INSERT INTO `t_log` VALUES ('4028f9817853479e01785348d0950007', 'DESKTOP-V7R6E68/192.168.121.1', '查看告警日志信息', '2021-03-21 13:36:24', '00-50-56-c0-00-08', 'admin');
INSERT INTO `t_log` VALUES ('4028f9817853479e01785348ebf00008', 'DESKTOP-V7R6E68/192.168.121.1', '查看告警日志信息', '2021-03-21 13:36:31', '00-50-56-c0-00-08', 'admin');
INSERT INTO `t_log` VALUES ('4028f9817853479e01785348feab0009', 'DESKTOP-V7R6E68/192.168.121.1', '查看告警日志信息', '2021-03-21 13:36:36', '00-50-56-c0-00-08', 'admin');
INSERT INTO `t_log` VALUES ('4028f9817853479e017853493715000a', 'DESKTOP-V7R6E68/192.168.121.1', '查看告警日志信息', '2021-03-21 13:36:50', '00-50-56-c0-00-08', 'admin');
INSERT INTO `t_log` VALUES ('4028f9817853479e017853494980000b', 'DESKTOP-V7R6E68/192.168.121.1', '查看告警日志信息', '2021-03-21 13:36:55', '00-50-56-c0-00-08', 'admin');
INSERT INTO `t_log` VALUES ('4028f98178534a380178534a49070000', 'DESKTOP-V7R6E68/192.168.121.1', '成功登录平台', '2021-03-21 13:38:00', '00-50-56-c0-00-08', 'admin');
INSERT INTO `t_log` VALUES ('4028f98178534a380178534a4dc50001', 'DESKTOP-V7R6E68/192.168.121.1', '查看告警日志信息', '2021-03-21 13:38:01', '00-50-56-c0-00-08', 'admin');
INSERT INTO `t_log` VALUES ('4028f98178534a380178534a4f590002', 'DESKTOP-V7R6E68/192.168.121.1', '查看告警日志信息', '2021-03-21 13:38:02', '00-50-56-c0-00-08', 'admin');
INSERT INTO `t_log` VALUES ('4028f98178534a380178534a599d0003', 'DESKTOP-V7R6E68/192.168.121.1', '查看告警日志信息', '2021-03-21 13:38:04', '00-50-56-c0-00-08', 'admin');
INSERT INTO `t_log` VALUES ('4028f98178534a380178534a6ad00004', 'DESKTOP-V7R6E68/192.168.121.1', '查看告警日志信息', '2021-03-21 13:38:09', '00-50-56-c0-00-08', 'admin');
INSERT INTO `t_log` VALUES ('4028f98178534a380178534a814b0005', 'DESKTOP-V7R6E68/192.168.121.1', '查看告警日志信息', '2021-03-21 13:38:14', '00-50-56-c0-00-08', 'admin');
INSERT INTO `t_log` VALUES ('4028f98178534a380178534a9a5c0006', 'DESKTOP-V7R6E68/192.168.121.1', '查看告警日志信息', '2021-03-21 13:38:21', '00-50-56-c0-00-08', 'admin');
INSERT INTO `t_log` VALUES ('4028f98178534a380178534ab12e0007', 'DESKTOP-V7R6E68/192.168.121.1', '查看告警日志信息', '2021-03-21 13:38:27', '00-50-56-c0-00-08', 'admin');
INSERT INTO `t_log` VALUES ('4028f9817853a7fd017853a929140000', 'DESKTOP-V7R6E68/192.168.121.1', '成功登录平台', '2021-03-21 15:21:38', '00-50-56-c0-00-08', 'admin');
INSERT INTO `t_log` VALUES ('4028f9817853a7fd017853a92ed70001', 'DESKTOP-V7R6E68/192.168.121.1', '查看告警日志信息', '2021-03-21 15:21:39', '00-50-56-c0-00-08', 'admin');
INSERT INTO `t_log` VALUES ('4028f9817853a7fd017853a943230002', 'DESKTOP-V7R6E68/192.168.121.1', '查看告警日志信息', '2021-03-21 15:21:44', '00-50-56-c0-00-08', 'admin');
INSERT INTO `t_log` VALUES ('4028f9817853a7fd017853a94e730003', 'DESKTOP-V7R6E68/192.168.121.1', '查看告警日志信息', '2021-03-21 15:21:47', '00-50-56-c0-00-08', 'admin');
INSERT INTO `t_log` VALUES ('4028f9817853a7fd017853a95c380004', 'DESKTOP-V7R6E68/192.168.121.1', '查看告警日志信息', '2021-03-21 15:21:51', '00-50-56-c0-00-08', 'admin');
INSERT INTO `t_log` VALUES ('4028f9817853a7fd017853a968560005', 'DESKTOP-V7R6E68/192.168.121.1', '查看告警日志信息', '2021-03-21 15:21:54', '00-50-56-c0-00-08', 'admin');
INSERT INTO `t_log` VALUES ('4028f9817853a7fd017853a9b6600006', 'DESKTOP-V7R6E68/192.168.121.1', '查看告警日志信息', '2021-03-21 15:22:14', '00-50-56-c0-00-08', 'admin');
INSERT INTO `t_log` VALUES ('4028f9817853a7fd017853a9c5a70007', 'DESKTOP-V7R6E68/192.168.121.1', '查看告警日志信息', '2021-03-21 15:22:18', '00-50-56-c0-00-08', 'admin');
INSERT INTO `t_log` VALUES ('4028f9817853b2ca017853b305370000', 'DESKTOP-V7R6E68/192.168.121.1', '成功登录平台', '2021-03-21 15:32:24', '00-50-56-c0-00-08', 'admin');
INSERT INTO `t_log` VALUES ('4028f9817853c855017853cbba130001', 'DESKTOP-V7R6E68/192.168.121.1', '成功登录平台', '2021-03-21 15:59:23', '00-50-56-c0-00-08', 'admin');
INSERT INTO `t_log` VALUES ('4028f9817853c855017853cbcb530002', 'DESKTOP-V7R6E68/192.168.121.1', '查看告警日志信息', '2021-03-21 15:59:28', '00-50-56-c0-00-08', 'admin');
INSERT INTO `t_log` VALUES ('4028f9817853c855017853ccc0100003', 'DESKTOP-V7R6E68/192.168.121.1', '查看告警日志信息', '2021-03-21 16:00:30', '00-50-56-c0-00-08', 'admin');
INSERT INTO `t_log` VALUES ('4028f9817853c855017853ccd4690004', 'DESKTOP-V7R6E68/192.168.121.1', '查看告警日志信息', '2021-03-21 16:00:35', '00-50-56-c0-00-08', 'admin');
INSERT INTO `t_log` VALUES ('4028f9817853c855017853cf13950005', 'DESKTOP-V7R6E68/192.168.121.1', '查看告警日志信息', '2021-03-21 16:03:03', '00-50-56-c0-00-08', 'admin');
INSERT INTO `t_log` VALUES ('4028f9817853e742017853e7669c0000', 'DESKTOP-V7R6E68/192.168.121.1', '成功登录平台', '2021-03-21 16:29:37', '00-50-56-c0-00-08', 'admin');
INSERT INTO `t_log` VALUES ('4028f9817853e742017853e782d20001', 'DESKTOP-V7R6E68/192.168.121.1', '查看告警日志信息', '2021-03-21 16:29:44', '00-50-56-c0-00-08', 'admin');
INSERT INTO `t_log` VALUES ('4028f9817853e742017853e82e310002', 'DESKTOP-V7R6E68/192.168.121.1', '查看告警日志信息', '2021-03-21 16:30:28', '00-50-56-c0-00-08', 'admin');
INSERT INTO `t_log` VALUES ('4028f9817853e742017853eef9000003', 'DESKTOP-V7R6E68/192.168.121.1', '成功登录平台', '2021-03-21 16:37:53', '00-50-56-c0-00-08', 'admin');
INSERT INTO `t_log` VALUES ('4028f9817853e742017853ef0b830004', 'DESKTOP-V7R6E68/192.168.121.1', '查看告警日志信息', '2021-03-21 16:37:58', '00-50-56-c0-00-08', 'admin');
INSERT INTO `t_log` VALUES ('4028f9817853e742017853f055ce0005', 'DESKTOP-V7R6E68/192.168.121.1', '成功登录平台', '2021-03-21 16:39:22', '00-50-56-c0-00-08', 'admin');
INSERT INTO `t_log` VALUES ('4028f9817853e742017853f05bd70006', 'DESKTOP-V7R6E68/192.168.121.1', '查看告警日志信息', '2021-03-21 16:39:24', '00-50-56-c0-00-08', 'admin');
INSERT INTO `t_log` VALUES ('4028f9817853e742017853f05cf20007', 'DESKTOP-V7R6E68/192.168.121.1', '查看告警日志信息', '2021-03-21 16:39:24', '00-50-56-c0-00-08', 'admin');
INSERT INTO `t_log` VALUES ('4028f9817853e742017853f084bb0008', 'DESKTOP-V7R6E68/192.168.121.1', '查看告警日志信息', '2021-03-21 16:39:34', '00-50-56-c0-00-08', 'admin');
INSERT INTO `t_log` VALUES ('4028f9817853e742017853f092780009', 'DESKTOP-V7R6E68/192.168.121.1', '查看告警日志信息', '2021-03-21 16:39:38', '00-50-56-c0-00-08', 'admin');
INSERT INTO `t_log` VALUES ('4028f9817853e742017853f0f0ee000a', 'DESKTOP-V7R6E68/192.168.121.1', '成功登录平台', '2021-03-21 16:40:02', '00-50-56-c0-00-08', 'admin');
INSERT INTO `t_log` VALUES ('4028f9817853e742017853f0f70d000b', 'DESKTOP-V7R6E68/192.168.121.1', '查看告警日志信息', '2021-03-21 16:40:04', '00-50-56-c0-00-08', 'admin');
INSERT INTO `t_log` VALUES ('4028f9817853e742017853f0f7f9000c', 'DESKTOP-V7R6E68/192.168.121.1', '查看告警日志信息', '2021-03-21 16:40:04', '00-50-56-c0-00-08', 'admin');
INSERT INTO `t_log` VALUES ('4028f9817853e742017853f206ba000d', 'DESKTOP-V7R6E68/192.168.121.1', '成功登录平台', '2021-03-21 16:41:13', '00-50-56-c0-00-08', 'admin');
INSERT INTO `t_log` VALUES ('4028f9817853e742017853f20ce2000e', 'DESKTOP-V7R6E68/192.168.121.1', '查看告警日志信息', '2021-03-21 16:41:15', '00-50-56-c0-00-08', 'admin');
INSERT INTO `t_log` VALUES ('4028f9817853e742017853f3c97a000f', 'DESKTOP-V7R6E68/192.168.121.1', '成功登录平台', '2021-03-21 16:43:09', '00-50-56-c0-00-08', 'admin');
INSERT INTO `t_log` VALUES ('4028f9817853e742017853f3d3990010', 'DESKTOP-V7R6E68/192.168.121.1', '查看告警日志信息', '2021-03-21 16:43:11', '00-50-56-c0-00-08', 'admin');
INSERT INTO `t_log` VALUES ('4028f9817853e742017853f4e3ac0011', 'DESKTOP-V7R6E68/192.168.121.1', '成功登录平台', '2021-03-21 16:44:21', '00-50-56-c0-00-08', 'admin');
INSERT INTO `t_log` VALUES ('4028f9817853e742017853f4edd70012', 'DESKTOP-V7R6E68/192.168.121.1', '查看告警日志信息', '2021-03-21 16:44:23', '00-50-56-c0-00-08', 'admin');
INSERT INTO `t_log` VALUES ('4028f9817853e742017853f5687e0013', 'DESKTOP-V7R6E68/192.168.121.1', '成功登录平台', '2021-03-21 16:44:55', '00-50-56-c0-00-08', 'admin');
INSERT INTO `t_log` VALUES ('4028f9817853e742017853f56dd40014', 'DESKTOP-V7R6E68/192.168.121.1', '查看告警日志信息', '2021-03-21 16:44:56', '00-50-56-c0-00-08', 'admin');
INSERT INTO `t_log` VALUES ('4028f9817853e742017853f56f550015', 'DESKTOP-V7R6E68/192.168.121.1', '查看告警日志信息', '2021-03-21 16:44:57', '00-50-56-c0-00-08', 'admin');
INSERT INTO `t_log` VALUES ('4028f9817853e742017853f5ec990016', 'DESKTOP-V7R6E68/192.168.121.1', '成功登录平台', '2021-03-21 16:45:29', '00-50-56-c0-00-08', 'admin');
INSERT INTO `t_log` VALUES ('4028f9817853e742017853f5eeff0017', 'DESKTOP-V7R6E68/192.168.121.1', '成功登录平台', '2021-03-21 16:45:29', '00-50-56-c0-00-08', 'admin');
INSERT INTO `t_log` VALUES ('4028f9817853e742017853f5fe000018', 'DESKTOP-V7R6E68/192.168.121.1', '查看告警日志信息', '2021-03-21 16:45:33', '00-50-56-c0-00-08', 'admin');
INSERT INTO `t_log` VALUES ('4028f9817853e742017853f65a400019', 'DESKTOP-V7R6E68/192.168.121.1', '成功登录平台', '2021-03-21 16:45:57', '00-50-56-c0-00-08', 'admin');
INSERT INTO `t_log` VALUES ('4028f9817853e742017853f6635d001a', 'DESKTOP-V7R6E68/192.168.121.1', '查看告警日志信息', '2021-03-21 16:45:59', '00-50-56-c0-00-08', 'admin');
INSERT INTO `t_log` VALUES ('4028f9817853e742017853f7eae8001b', 'DESKTOP-V7R6E68/192.168.121.1', '成功登录平台', '2021-03-21 16:47:39', '00-50-56-c0-00-08', 'admin');
INSERT INTO `t_log` VALUES ('4028f9817853e742017853f7f484001c', 'DESKTOP-V7R6E68/192.168.121.1', '查看告警日志信息', '2021-03-21 16:47:42', '00-50-56-c0-00-08', 'admin');
INSERT INTO `t_log` VALUES ('4028f9817853e742017853f814d3001d', 'DESKTOP-V7R6E68/192.168.121.1', '查看告警日志信息', '2021-03-21 16:47:50', '00-50-56-c0-00-08', 'admin');
INSERT INTO `t_log` VALUES ('4028f9817853fa3a017853fa591a0000', 'DESKTOP-V7R6E68/192.168.121.1', '成功登录平台', '2021-03-21 16:50:19', '00-50-56-c0-00-08', 'admin');
INSERT INTO `t_log` VALUES ('4028f9817853fa3a017853fa64620001', 'DESKTOP-V7R6E68/192.168.121.1', '查看告警日志信息', '2021-03-21 16:50:21', '00-50-56-c0-00-08', 'admin');
INSERT INTO `t_log` VALUES ('4028f9817853fa3a017853fa6fdd0002', 'DESKTOP-V7R6E68/192.168.121.1', '查看告警日志信息', '2021-03-21 16:50:24', '00-50-56-c0-00-08', 'admin');
INSERT INTO `t_log` VALUES ('4028f9817853fa3a017853fa80000003', 'DESKTOP-V7R6E68/192.168.121.1', '查看告警日志信息', '2021-03-21 16:50:28', '00-50-56-c0-00-08', 'admin');
INSERT INTO `t_log` VALUES ('4028f9817853fa3a017853fa95100004', 'DESKTOP-V7R6E68/192.168.121.1', '查看告警日志信息', '2021-03-21 16:50:34', '00-50-56-c0-00-08', 'admin');
INSERT INTO `t_log` VALUES ('4028f9817853fa3a017853fb93470005', 'DESKTOP-V7R6E68/192.168.121.1', '成功登录平台', '2021-03-21 16:51:39', '00-50-56-c0-00-08', 'admin');
INSERT INTO `t_log` VALUES ('4028f9817853fa3a017853fb9db10006', 'DESKTOP-V7R6E68/192.168.121.1', '查看告警日志信息', '2021-03-21 16:51:42', '00-50-56-c0-00-08', 'admin');
INSERT INTO `t_log` VALUES ('4028f9817853fa3a017853fbac2b0007', 'DESKTOP-V7R6E68/192.168.121.1', '查看告警日志信息', '2021-03-21 16:51:45', '00-50-56-c0-00-08', 'admin');
INSERT INTO `t_log` VALUES ('4028f9817853fa3a017853fbb7bc0008', 'DESKTOP-V7R6E68/192.168.121.1', '查看告警日志信息', '2021-03-21 16:51:48', '00-50-56-c0-00-08', 'admin');
INSERT INTO `t_log` VALUES ('4028f9817853fa3a017853fbd9220009', 'DESKTOP-V7R6E68/192.168.121.1', '查看告警日志信息', '2021-03-21 16:51:57', '00-50-56-c0-00-08', 'admin');
INSERT INTO `t_log` VALUES ('4028f9817853fa3a017853fc4f2b000a', 'DESKTOP-V7R6E68/192.168.121.1', '查看告警日志信息', '2021-03-21 16:52:27', '00-50-56-c0-00-08', 'admin');
INSERT INTO `t_log` VALUES ('4028f9817853fd31017853fd482d0000', 'DESKTOP-V7R6E68/192.168.121.1', '成功登录平台', '2021-03-21 16:53:31', '00-50-56-c0-00-08', 'admin');
INSERT INTO `t_log` VALUES ('4028f9817853fd31017853fd531f0001', 'DESKTOP-V7R6E68/192.168.121.1', '查看告警日志信息', '2021-03-21 16:53:34', '00-50-56-c0-00-08', 'admin');
INSERT INTO `t_log` VALUES ('4028f9817853fd31017853fd67b90002', 'DESKTOP-V7R6E68/192.168.121.1', '查看告警日志信息', '2021-03-21 16:53:39', '00-50-56-c0-00-08', 'admin');
INSERT INTO `t_log` VALUES ('4028f9817853fef8017853ff16230000', 'DESKTOP-V7R6E68/192.168.121.1', '成功登录平台', '2021-03-21 16:55:29', '00-50-56-c0-00-08', 'admin');
INSERT INTO `t_log` VALUES ('4028f9817853fef8017853ff229a0001', 'DESKTOP-V7R6E68/192.168.121.1', '查看告警日志信息', '2021-03-21 16:55:32', '00-50-56-c0-00-08', 'admin');
INSERT INTO `t_log` VALUES ('4028f9817853fef8017853ff2e430002', 'DESKTOP-V7R6E68/192.168.121.1', '查看告警日志信息', '2021-03-21 16:55:35', '00-50-56-c0-00-08', 'admin');
INSERT INTO `t_log` VALUES ('4028f9817853fef8017853ff404d0003', 'DESKTOP-V7R6E68/192.168.121.1', '查看告警日志信息', '2021-03-21 16:55:40', '00-50-56-c0-00-08', 'admin');
INSERT INTO `t_log` VALUES ('4028f981785405e60178540701320000', 'DESKTOP-V7R6E68/192.168.121.1', '成功登录平台', '2021-03-21 17:04:08', '00-50-56-c0-00-08', 'admin');
INSERT INTO `t_log` VALUES ('4028f981785405e6017854073d210001', 'DESKTOP-V7R6E68/192.168.121.1', '查看菜单', '2021-03-21 17:04:23', '00-50-56-c0-00-08', 'admin');
INSERT INTO `t_log` VALUES ('4028f981785405e60178540e76110002', 'DESKTOP-V7R6E68/192.168.121.1', '成功登录平台', '2021-03-21 17:12:17', '00-50-56-c0-00-08', 'admin');
INSERT INTO `t_log` VALUES ('4028f981785405e60178540e77600003', 'DESKTOP-V7R6E68/192.168.121.1', '成功登录平台', '2021-03-21 17:12:17', '00-50-56-c0-00-08', 'admin');
INSERT INTO `t_log` VALUES ('4028f981785412fa01785413561d0000', 'DESKTOP-V7R6E68/192.168.121.1', '成功登录平台', '2021-03-21 17:17:36', '00-50-56-c0-00-08', 'admin');
INSERT INTO `t_log` VALUES ('4028f981785412fa01785414a5900001', 'DESKTOP-V7R6E68/192.168.121.1', '成功登录平台', '2021-03-21 17:19:02', '00-50-56-c0-00-08', 'admin');
INSERT INTO `t_log` VALUES ('4028f981785412fa0178541afdd40002', 'DESKTOP-V7R6E68/192.168.121.1', '成功登录平台', '2021-03-21 17:25:58', '00-50-56-c0-00-08', 'admin');
INSERT INTO `t_log` VALUES ('4028f98178546c690178546d127b0000', 'DESKTOP-V7R6E68/192.168.121.1', '成功登录平台', '2021-03-21 18:55:37', '00-50-56-c0-00-08', 'admin');
INSERT INTO `t_log` VALUES ('4028f981785488610178548893810000', 'DESKTOP-V7R6E68/192.168.121.1', '成功登录平台', '2021-03-21 19:25:40', '00-50-56-c0-00-08', 'admin');
INSERT INTO `t_log` VALUES ('4028f98178548b230178548e2d1f0000', 'DESKTOP-V7R6E68/192.168.121.1', '成功登录平台', '2021-03-21 19:31:47', '00-50-56-c0-00-08', 'admin');
INSERT INTO `t_log` VALUES ('4028f98178548b230178548e66b50001', 'DESKTOP-V7R6E68/192.168.121.1', '成功登录平台', '2021-03-21 19:32:01', '00-50-56-c0-00-08', 'admin');
INSERT INTO `t_log` VALUES ('4028f98178548b230178549223f20002', 'DESKTOP-V7R6E68/192.168.121.1', '成功登录平台', '2021-03-21 19:36:06', '00-50-56-c0-00-08', 'admin');
INSERT INTO `t_log` VALUES ('4028f98178548b230178549658c90003', 'DESKTOP-V7R6E68/192.168.121.1', '成功登录平台', '2021-03-21 19:40:42', '00-50-56-c0-00-08', 'admin');
INSERT INTO `t_log` VALUES ('4028f98178548b2301785499a5890004', 'DESKTOP-V7R6E68/192.168.121.1', '成功登录平台', '2021-03-21 19:44:18', '00-50-56-c0-00-08', 'admin');
INSERT INTO `t_log` VALUES ('4028f981785499b701785499c9040000', 'DESKTOP-V7R6E68/192.168.121.1', '成功登录平台', '2021-03-21 19:44:27', '00-50-56-c0-00-08', 'admin');
INSERT INTO `t_log` VALUES ('4028f981785499b70178549a9f0a0001', 'DESKTOP-V7R6E68/192.168.121.1', '成功登录平台', '2021-03-21 19:45:22', '00-50-56-c0-00-08', 'admin');
INSERT INTO `t_log` VALUES ('4028f981785499b70178549b7cab0002', 'DESKTOP-V7R6E68/192.168.121.1', '成功登录平台', '2021-03-21 19:46:19', '00-50-56-c0-00-08', 'admin');
INSERT INTO `t_log` VALUES ('4028f981785499b70178549fb6e50003', 'DESKTOP-V7R6E68/192.168.121.1', '成功登录平台', '2021-03-21 19:50:56', '00-50-56-c0-00-08', 'admin');
INSERT INTO `t_log` VALUES ('4028f9817854a30b017854a325870000', 'DESKTOP-V7R6E68/192.168.121.1', '成功登录平台', '2021-03-21 19:54:41', '00-50-56-c0-00-08', 'admin');
INSERT INTO `t_log` VALUES ('4028f9817854a30b017854aa97300001', 'DESKTOP-V7R6E68/192.168.121.1', '成功登录平台', '2021-03-21 20:02:49', '00-50-56-c0-00-08', 'admin');
INSERT INTO `t_log` VALUES ('4028f9817854a30b017854ae6ecd0002', 'DESKTOP-V7R6E68/192.168.121.1', '成功登录平台', '2021-03-21 20:07:01', '00-50-56-c0-00-08', 'admin');
INSERT INTO `t_log` VALUES ('4028f9817854a30b017854aeee580003', 'DESKTOP-V7R6E68/192.168.121.1', '成功登录平台', '2021-03-21 20:07:33', '00-50-56-c0-00-08', 'admin');
INSERT INTO `t_log` VALUES ('4028f9817854afff017854b0140b0000', 'DESKTOP-V7R6E68/192.168.121.1', '成功登录平台', '2021-03-21 20:08:48', '00-50-56-c0-00-08', 'admin');
INSERT INTO `t_log` VALUES ('4028f9817854afff017854b469730001', 'DESKTOP-V7R6E68/192.168.121.1', '成功登录平台', '2021-03-21 20:13:32', '00-50-56-c0-00-08', 'admin');
INSERT INTO `t_log` VALUES ('4028f9817854afff017854b4e9100002', 'DESKTOP-V7R6E68/192.168.121.1', '成功登录平台', '2021-03-21 20:14:05', '00-50-56-c0-00-08', 'admin');
INSERT INTO `t_log` VALUES ('4028f9817854afff017854b7ef400003', 'DESKTOP-V7R6E68/192.168.121.1', '成功登录平台', '2021-03-21 20:17:23', '00-50-56-c0-00-08', 'admin');
INSERT INTO `t_log` VALUES ('4028f9817854b8ba017854b8d5700000', 'DESKTOP-V7R6E68/192.168.121.1', '成功登录平台', '2021-03-21 20:18:22', '00-50-56-c0-00-08', 'admin');
INSERT INTO `t_log` VALUES ('4028f9817854b8ba017854b8fd6c0001', 'DESKTOP-V7R6E68/192.168.121.1', '成功登录平台', '2021-03-21 20:18:32', '00-50-56-c0-00-08', 'admin');
INSERT INTO `t_log` VALUES ('4028f9817854b8ba017854bbdc7e0002', 'DESKTOP-V7R6E68/192.168.121.1', '成功登录平台', '2021-03-21 20:21:41', '00-50-56-c0-00-08', 'admin');
INSERT INTO `t_log` VALUES ('4028f9817854bcf4017854bd1b760000', 'DESKTOP-V7R6E68/192.168.121.1', '成功登录平台', '2021-03-21 20:23:02', '00-50-56-c0-00-08', 'admin');
INSERT INTO `t_log` VALUES ('4028f9817854bcf4017854bee1a10001', 'DESKTOP-V7R6E68/192.168.121.1', '成功登录平台', '2021-03-21 20:24:59', '00-50-56-c0-00-08', 'admin');
INSERT INTO `t_log` VALUES ('4028f9817854bcf4017854c333b60002', 'DESKTOP-V7R6E68/192.168.121.1', '成功登录平台', '2021-03-21 20:29:42', '00-50-56-c0-00-08', 'admin');
INSERT INTO `t_log` VALUES ('4028f9817854bcf4017854c3fd1f0003', 'DESKTOP-V7R6E68/192.168.121.1', '成功登录平台', '2021-03-21 20:30:33', '00-50-56-c0-00-08', 'admin');
INSERT INTO `t_log` VALUES ('4028f9817854bcf4017854c4a4400004', 'DESKTOP-V7R6E68/192.168.121.1', '成功登录平台', '2021-03-21 20:31:16', '00-50-56-c0-00-08', 'admin');
INSERT INTO `t_log` VALUES ('4028f9817854bcf4017854c4c7230005', 'DESKTOP-V7R6E68/192.168.121.1', '成功登录平台', '2021-03-21 20:31:25', '00-50-56-c0-00-08', 'admin');
INSERT INTO `t_log` VALUES ('4028f9817854bcf4017854c4c9e20006', 'DESKTOP-V7R6E68/192.168.121.1', '成功登录平台', '2021-03-21 20:31:26', '00-50-56-c0-00-08', 'admin');
INSERT INTO `t_log` VALUES ('4028f9817854bcf4017854c4cba70007', 'DESKTOP-V7R6E68/192.168.121.1', '成功登录平台', '2021-03-21 20:31:26', '00-50-56-c0-00-08', 'admin');
INSERT INTO `t_log` VALUES ('4028f9817854bcf4017854c6c8990008', 'DESKTOP-V7R6E68/192.168.121.1', '成功登录平台', '2021-03-21 20:33:36', '00-50-56-c0-00-08', 'admin');
INSERT INTO `t_log` VALUES ('4028f9817854bcf4017854c6c9540009', 'DESKTOP-V7R6E68/192.168.121.1', '成功登录平台', '2021-03-21 20:33:37', '00-50-56-c0-00-08', 'admin');
INSERT INTO `t_log` VALUES ('4028f9817854bcf4017854c6c9d9000a', 'DESKTOP-V7R6E68/192.168.121.1', '成功登录平台', '2021-03-21 20:33:37', '00-50-56-c0-00-08', 'admin');
INSERT INTO `t_log` VALUES ('4028f9817854bcf4017854c6ca4c000b', 'DESKTOP-V7R6E68/192.168.121.1', '成功登录平台', '2021-03-21 20:33:37', '00-50-56-c0-00-08', 'admin');
INSERT INTO `t_log` VALUES ('4028f9817854bcf4017854c7273c000c', 'DESKTOP-V7R6E68/192.168.121.1', '成功登录平台', '2021-03-21 20:34:01', '00-50-56-c0-00-08', 'admin');
INSERT INTO `t_log` VALUES ('4028f9817854bcf4017854c72885000d', 'DESKTOP-V7R6E68/192.168.121.1', '成功登录平台', '2021-03-21 20:34:01', '00-50-56-c0-00-08', 'admin');
INSERT INTO `t_log` VALUES ('4028f9817854bcf4017854c72922000e', 'DESKTOP-V7R6E68/192.168.121.1', '成功登录平台', '2021-03-21 20:34:01', '00-50-56-c0-00-08', 'admin');
INSERT INTO `t_log` VALUES ('4028f9817854bcf4017854c72978000f', 'DESKTOP-V7R6E68/192.168.121.1', '成功登录平台', '2021-03-21 20:34:01', '00-50-56-c0-00-08', 'admin');
INSERT INTO `t_log` VALUES ('4028f9817854bcf4017854c729d90010', 'DESKTOP-V7R6E68/192.168.121.1', '成功登录平台', '2021-03-21 20:34:01', '00-50-56-c0-00-08', 'admin');
INSERT INTO `t_log` VALUES ('4028f9817854bcf4017854c7cd1a0011', 'DESKTOP-V7R6E68/192.168.121.1', '成功登录平台', '2021-03-21 20:34:43', '00-50-56-c0-00-08', 'admin');
INSERT INTO `t_log` VALUES ('4028f9817854bcf4017854cb1efa0012', 'DESKTOP-V7R6E68/192.168.121.1', '成功登录平台', '2021-03-21 20:38:21', '00-50-56-c0-00-08', 'admin');
INSERT INTO `t_log` VALUES ('4028f98178550d6a0178550d8a760000', 'DESKTOP-V7R6E68/192.168.121.1', '成功登录平台', '2021-03-21 21:50:54', '00-50-56-c0-00-08', 'admin');
INSERT INTO `t_log` VALUES ('4028f98178550d6a0178550da95f0001', 'DESKTOP-V7R6E68/192.168.121.1', '成功登录平台', '2021-03-21 21:51:01', '00-50-56-c0-00-08', 'admin');
INSERT INTO `t_log` VALUES ('4028f981785513aa01785513cbaa0000', 'DESKTOP-V7R6E68/192.168.121.1', '成功登录平台', '2021-03-21 21:57:43', '00-50-56-c0-00-08', 'admin');
INSERT INTO `t_log` VALUES ('4028f981785520d201785520f31d0000', 'DESKTOP-V7R6E68/192.168.121.1', '成功登录平台', '2021-03-21 22:12:06', '00-50-56-c0-00-08', 'admin');
INSERT INTO `t_log` VALUES ('4028f981785528080178552817dd0000', 'DESKTOP-V7R6E68/192.168.121.1', '成功登录平台', '2021-03-21 22:19:54', '00-50-56-c0-00-08', 'admin');
INSERT INTO `t_log` VALUES ('4028f98178552a350178552a46970000', 'DESKTOP-V7R6E68/192.168.121.1', '成功登录平台', '2021-03-21 22:22:17', '00-50-56-c0-00-08', 'admin');
INSERT INTO `t_log` VALUES ('4028f98178552c320178552c60ec0000', 'DESKTOP-V7R6E68/192.168.121.1', '成功登录平台', '2021-03-21 22:24:35', '00-50-56-c0-00-08', 'admin');
INSERT INTO `t_log` VALUES ('4028f98178553078017855308c450000', 'DESKTOP-V7R6E68/192.168.121.1', '成功登录平台', '2021-03-21 22:29:08', '00-50-56-c0-00-08', 'admin');
INSERT INTO `t_log` VALUES ('4028f9817858184f0178581b6e590000', 'DESKTOP-V7R6E68/192.168.121.1', '成功登录平台', '2021-03-22 12:04:56', '00-50-56-c0-00-08', 'admin');
INSERT INTO `t_log` VALUES ('8a88809e77f355290177f355985e0000', 'DESKTOP-V7R6E68/10.8.0.30', '成功登录平台', '2021-03-02 22:26:49', '00-ff-13-45-e2-0c', 'auditadm');
INSERT INTO `t_log` VALUES ('8a88809e77f355290177f355ab530001', 'DESKTOP-V7R6E68/10.8.0.30', '查看审计日志消息', '2021-03-02 22:26:53', '00-ff-13-45-e2-0c', 'auditadm');
INSERT INTO `t_log` VALUES ('8a88809e77f355290177f355f4a30002', 'DESKTOP-V7R6E68/10.8.0.30', '密码登录失败1次!', '2021-03-02 22:27:12', '00-ff-13-45-e2-0c', 'root');
INSERT INTO `t_log` VALUES ('8a88809e77f355290177f35602b30003', 'DESKTOP-V7R6E68/10.8.0.30', '密码登录失败1次!', '2021-03-02 22:27:16', '00-ff-13-45-e2-0c', 'auditadm');
INSERT INTO `t_log` VALUES ('8a88809e77f355290177f3560efa0004', 'DESKTOP-V7R6E68/10.8.0.30', '密码登录失败2次!', '2021-03-02 22:27:19', '00-ff-13-45-e2-0c', 'auditadm');
INSERT INTO `t_log` VALUES ('8a88809e77f355290177f3561b220005', 'DESKTOP-V7R6E68/10.8.0.30', '密码登录失败3次!', '2021-03-02 22:27:22', '00-ff-13-45-e2-0c', 'auditadm');
INSERT INTO `t_log` VALUES ('8a88809e77f355290177f35621e60006', 'DESKTOP-V7R6E68/10.8.0.30', '密码登录失败4次!', '2021-03-02 22:27:24', '00-ff-13-45-e2-0c', 'auditadm');
INSERT INTO `t_log` VALUES ('8a88809e77f358200177f35871640000', 'DESKTOP-V7R6E68/10.8.0.30', '密码登录失败2次!', '2021-03-02 22:29:55', '00-ff-13-45-e2-0c', 'root');
INSERT INTO `t_log` VALUES ('8a88809e77f358200177f35874590001', 'DESKTOP-V7R6E68/10.8.0.30', '密码登录失败2次!', '2021-03-02 22:29:56', '00-ff-13-45-e2-0c', 'root');
INSERT INTO `t_log` VALUES ('8a88809e77f358200177f35887e80002', 'DESKTOP-V7R6E68/10.8.0.30', '密码登录失败3次!', '2021-03-02 22:30:01', '00-ff-13-45-e2-0c', 'root');
INSERT INTO `t_log` VALUES ('8a88809e77f358200177f3589d410003', 'DESKTOP-V7R6E68/10.8.0.30', '密码登录失败4次!', '2021-03-02 22:30:06', '00-ff-13-45-e2-0c', 'root');
INSERT INTO `t_log` VALUES ('8a88809e77f358200177f358b4980004', 'DESKTOP-V7R6E68/10.8.0.30', '该账户锁定!', '2021-03-02 22:30:12', '00-ff-13-45-e2-0c', 'root');

-- ----------------------------
-- Table structure for t_login_setting
-- ----------------------------
DROP TABLE IF EXISTS `t_login_setting`;
CREATE TABLE `t_login_setting`  (
  `id` varchar(255) CHARACTER SET utf8mb4 COLLATE utf8mb4_general_ci NOT NULL,
  `locking_time` int(11) NULL DEFAULT NULL,
  `login_conunt` int(11) NULL DEFAULT NULL,
  `pass_length` varchar(64) CHARACTER SET utf8mb4 COLLATE utf8mb4_general_ci NULL DEFAULT NULL,
  PRIMARY KEY (`id`) USING BTREE
) ENGINE = InnoDB CHARACTER SET = utf8mb4 COLLATE = utf8mb4_general_ci ROW_FORMAT = Dynamic;

-- ----------------------------
-- Records of t_login_setting
-- ----------------------------
INSERT INTO `t_login_setting` VALUES ('fd90a132-90d9-43a6-8e56-9416a579bfb0', 20, 5, '10');

-- ----------------------------
-- Table structure for t_mail_account
-- ----------------------------
DROP TABLE IF EXISTS `t_mail_account`;
CREATE TABLE `t_mail_account`  (
  `id` varchar(255) CHARACTER SET utf8mb4 COLLATE utf8mb4_general_ci NOT NULL,
  `create_time` varchar(255) CHARACTER SET utf8mb4 COLLATE utf8mb4_general_ci NULL DEFAULT NULL,
  `mail_from` varchar(64) CHARACTER SET utf8mb4 COLLATE utf8mb4_general_ci NULL DEFAULT NULL,
  `mail_host` varchar(64) CHARACTER SET utf8mb4 COLLATE utf8mb4_general_ci NULL DEFAULT NULL,
  `mail_pass` varchar(64) CHARACTER SET utf8mb4 COLLATE utf8mb4_general_ci NULL DEFAULT NULL,
  `mail_port` varchar(64) CHARACTER SET utf8mb4 COLLATE utf8mb4_general_ci NULL DEFAULT NULL,
  `mail_user` varchar(64) CHARACTER SET utf8mb4 COLLATE utf8mb4_general_ci NULL DEFAULT NULL,
  `update_time` varchar(255) CHARACTER SET utf8mb4 COLLATE utf8mb4_general_ci NULL DEFAULT NULL,
  PRIMARY KEY (`id`) USING BTREE
) ENGINE = InnoDB CHARACTER SET = utf8mb4 COLLATE = utf8mb4_general_ci ROW_FORMAT = Dynamic;

-- ----------------------------
-- Records of t_mail_account
-- ----------------------------
INSERT INTO `t_mail_account` VALUES ('8a88809e77c4d99e0177c4e3c4ee0004', '2021-02-21 21:59:57', '1033244959@qq.com', 'smtp.qq.com', 'ttkuvsmapxgbbche', '465', '1033244959', '2021-03-21 13:19:41');

-- ----------------------------
-- Table structure for t_mail_arr
-- ----------------------------
DROP TABLE IF EXISTS `t_mail_arr`;
CREATE TABLE `t_mail_arr`  (
  `id` varchar(255) CHARACTER SET utf8mb4 COLLATE utf8mb4_general_ci NOT NULL,
  `create_time` varchar(255) CHARACTER SET utf8mb4 COLLATE utf8mb4_general_ci NULL DEFAULT NULL,
  `mail_address` varchar(64) CHARACTER SET utf8mb4 COLLATE utf8mb4_general_ci NULL DEFAULT NULL,
  `update_time` varchar(255) CHARACTER SET utf8mb4 COLLATE utf8mb4_general_ci NULL DEFAULT NULL,
  PRIMARY KEY (`id`) USING BTREE
) ENGINE = InnoDB CHARACTER SET = utf8mb4 COLLATE = utf8mb4_general_ci ROW_FORMAT = Dynamic;

-- ----------------------------
-- Records of t_mail_arr
-- ----------------------------
INSERT INTO `t_mail_arr` VALUES ('4028f981784d79e201784d7a95720001', '2021-03-20 10:33:02', '17600462006@163.com', '2021-03-21 13:19:48');

-- ----------------------------
-- Table structure for t_menu
-- ----------------------------
DROP TABLE IF EXISTS `t_menu`;
CREATE TABLE `t_menu`  (
  `id` varchar(255) CHARACTER SET utf8mb4 COLLATE utf8mb4_general_ci NOT NULL,
  `create_time` varchar(255) CHARACTER SET utf8mb4 COLLATE utf8mb4_general_ci NULL DEFAULT NULL,
  `menu_icon` varchar(255) CHARACTER SET utf8mb4 COLLATE utf8mb4_general_ci NULL DEFAULT NULL,
  `menu_name` varchar(64) CHARACTER SET utf8mb4 COLLATE utf8mb4_general_ci NULL DEFAULT NULL,
  `menu_parent` varchar(500) CHARACTER SET utf8mb4 COLLATE utf8mb4_general_ci NULL DEFAULT NULL,
  `menu_url` varchar(255) CHARACTER SET utf8mb4 COLLATE utf8mb4_general_ci NULL DEFAULT NULL,
  `parent_name` varchar(500) CHARACTER SET utf8mb4 COLLATE utf8mb4_general_ci NULL DEFAULT NULL,
  PRIMARY KEY (`id`) USING BTREE
) ENGINE = InnoDB CHARACTER SET = utf8mb4 COLLATE = utf8mb4_general_ci COMMENT = '菜单' ROW_FORMAT = Dynamic;

-- ----------------------------
-- Records of t_menu
-- ----------------------------
INSERT INTO `t_menu` VALUES ('1a88809e7789c47f017789c902310018', '2021-02-10 10:33:07', '', '告警日志', '8a88809e7784abad017784ae752e000b', '/log/alarmLog', '日志管理');
INSERT INTO `t_menu` VALUES ('202880e97972e177017972ec91c40013', '2021-05-16 10:06:17', '', '外联日志', '8a88809e7784abad017784ae752e000b', '/log/outreach', '日志管理');
INSERT INTO `t_menu` VALUES ('3a88809e7784abad017784aee4a3000e', '2021-02-09 10:46:30', '', '审计日志', '8a88809e7784abad017784ae752e000b', '/log/log', '日志管理');
INSERT INTO `t_menu` VALUES ('4028813177d719690177d71ce4f60009', '2021-02-25 10:55:31', '', '用户列表', '8a88809e777499650177749dd49c001f', '/user/userListHtml', '系统管理');
INSERT INTO `t_menu` VALUES ('8a88809e777499650177749dd49c001f', '2021-02-06 07:53:56', '&#xe726;', '系统管理', 'root', '', '');
INSERT INTO `t_menu` VALUES ('8a88809e777499650177749feaf20022', '2021-02-06 07:56:13', '', '用户管理', '8a88809e777499650177749dd49c001f', '/user/adminList', '系统管理');
INSERT INTO `t_menu` VALUES ('8a88809e7774a408017774a4e05f0006', '2021-02-06 08:01:38', '', '角色管理', '8a88809e777499650177749dd49c001f', '/user/roleHtml', '系统管理');
INSERT INTO `t_menu` VALUES ('8a88809e7774a408017774a54ccd000a', '2021-02-06 08:02:06', '', '菜单管理', '8a88809e777499650177749dd49c001f', '/user/menuHtml', '系统管理');
INSERT INTO `t_menu` VALUES ('8a88809e7784abad017784ae752e000b', '2021-02-09 10:46:01', '&#xe6ce;', '日志管理', 'root', '', NULL);
INSERT INTO `t_menu` VALUES ('8a88809e778b0a7201778b0c5a4c0005', '2021-02-10 16:26:18', '&#xe723;', '字典管理', 'root', '', NULL);
INSERT INTO `t_menu` VALUES ('8a88809e778b0a7201778b0d00af0008', '2021-02-10 16:27:01', '', '字典列表', '8a88809e778b0a7201778b0c5a4c0005', '/dic/dicListHtml', '字典管理');
INSERT INTO `t_menu` VALUES ('8a88809e77bfe1640177bfe76f670008', '2021-02-20 22:45:51', '&#xe69f;', '报警通知', 'root', '', NULL);
INSERT INTO `t_menu` VALUES ('8a88809e77bfe1640177bfe959de000b', '2021-02-20 22:47:57', '', '邮箱设置', '8a88809e77bfe1640177bfe76f670008', '/mail/mailHtml', '报警通知');
INSERT INTO `t_menu` VALUES ('8a88809e77d432760177d43d8ee20011', '2021-02-24 21:32:20', '', '音效提醒', '8a88809e77bfe1640177bfe76f670008', '/alarm/soundHtml', '报警通知');
INSERT INTO `t_menu` VALUES ('8a88809e77e18a2a0177e18febeb0005', '2021-02-27 11:37:21', '&#xe6ae;', '配置管理', 'root', '', NULL);
INSERT INTO `t_menu` VALUES ('8a88809e77e18a2a0177e190adf40008', '2021-02-27 11:38:11', '', '安全配置', '8a88809e77e18a2a0177e18febeb0005', '/setting/settingEdit', '配置管理');

-- ----------------------------
-- Table structure for t_role
-- ----------------------------
DROP TABLE IF EXISTS `t_role`;
CREATE TABLE `t_role`  (
  `role_id` varchar(255) CHARACTER SET utf8mb4 COLLATE utf8mb4_general_ci NOT NULL,
  `role_name` varchar(64) CHARACTER SET utf8mb4 COLLATE utf8mb4_general_ci NULL DEFAULT NULL,
  `create_time` varchar(64) CHARACTER SET utf8mb4 COLLATE utf8mb4_general_ci NULL DEFAULT NULL,
  `update_time` varchar(64) CHARACTER SET utf8mb4 COLLATE utf8mb4_general_ci NULL DEFAULT NULL,
  PRIMARY KEY (`role_id`) USING BTREE
) ENGINE = InnoDB CHARACTER SET = utf8mb4 COLLATE = utf8mb4_general_ci COMMENT = '角色表' ROW_FORMAT = Dynamic;

-- ----------------------------
-- Records of t_role
-- ----------------------------
INSERT INTO `t_role` VALUES ('8a88809e7774d2cf017774d961a40010', '系统管理员', '2021-02-06 08:58:59', NULL);
INSERT INTO `t_role` VALUES ('8a88809e7774d2cf017774dc83bc0012', '保密管理员', '2021-02-06 09:02:24', NULL);
INSERT INTO `t_role` VALUES ('8a88809e7774d2cf017774dca8a20014', '安全审计员', '2021-02-06 09:02:34', NULL);
INSERT INTO `t_role` VALUES ('8a88809e77cec3620177cec56ed00003', '超级管理员', '2021-02-23 20:03:01', NULL);

-- ----------------------------
-- Table structure for t_role_menu
-- ----------------------------
DROP TABLE IF EXISTS `t_role_menu`;
CREATE TABLE `t_role_menu`  (
  `id` varchar(255) CHARACTER SET utf8mb4 COLLATE utf8mb4_general_ci NOT NULL,
  `create_time` varchar(255) CHARACTER SET utf8mb4 COLLATE utf8mb4_general_ci NULL DEFAULT NULL,
  `menu_id` varchar(64) CHARACTER SET utf8mb4 COLLATE utf8mb4_general_ci NULL DEFAULT NULL,
  `role_id` varchar(64) CHARACTER SET utf8mb4 COLLATE utf8mb4_general_ci NULL DEFAULT NULL,
  PRIMARY KEY (`id`) USING BTREE
) ENGINE = InnoDB CHARACTER SET = utf8mb4 COLLATE = utf8mb4_general_ci COMMENT = '角色菜单连接表' ROW_FORMAT = Dynamic;

-- ----------------------------
-- Records of t_role_menu
-- ----------------------------
INSERT INTO `t_role_menu` VALUES ('402880e97972e177017972edf78c0016', '2021-05-16 10:07:48', '8a88809e777499650177749dd49c001f', '8a88809e7774d2cf017774dc83bc0012');
INSERT INTO `t_role_menu` VALUES ('402880e97972e177017972edf78c0017', '2021-05-16 10:07:48', '8a88809e777499650177749feaf20022', '8a88809e7774d2cf017774dc83bc0012');
INSERT INTO `t_role_menu` VALUES ('402880e97972e177017972edf78d0018', '2021-05-16 10:07:48', '8a88809e7784abad017784ae752e000b', '8a88809e7774d2cf017774dc83bc0012');
INSERT INTO `t_role_menu` VALUES ('402880e97972e177017972edf78d0019', '2021-05-16 10:07:48', '202880e97972e177017972ec91c40013', '8a88809e7774d2cf017774dc83bc0012');
INSERT INTO `t_role_menu` VALUES ('402880e97972e177017972edf78e001a', '2021-05-16 10:07:48', '3a88809e7784abad017784aee4a3000e', '8a88809e7774d2cf017774dc83bc0012');
INSERT INTO `t_role_menu` VALUES ('402880e97972e177017972edf78e001b', '2021-05-16 10:07:48', '1a88809e7789c47f017789c902310018', '8a88809e7774d2cf017774dc83bc0012');
INSERT INTO `t_role_menu` VALUES ('402880e97972e177017972edf78f001c', '2021-05-16 10:07:48', '8a88809e77e18a2a0177e18febeb0005', '8a88809e7774d2cf017774dc83bc0012');
INSERT INTO `t_role_menu` VALUES ('402880e97972e177017972edf78f001d', '2021-05-16 10:07:48', '8a88809e77e18a2a0177e190adf40008', '8a88809e7774d2cf017774dc83bc0012');
INSERT INTO `t_role_menu` VALUES ('402880e979732c2d0179732c8aba0003', '2021-05-16 11:16:09', '8a88809e777499650177749dd49c001f', '8a88809e77cec3620177cec56ed00003');
INSERT INTO `t_role_menu` VALUES ('402880e979732c2d0179732c8abb0004', '2021-05-16 11:16:09', '4028813177d719690177d71ce4f60009', '8a88809e77cec3620177cec56ed00003');
INSERT INTO `t_role_menu` VALUES ('402880e979732c2d0179732c8abb0005', '2021-05-16 11:16:09', '8a88809e777499650177749feaf20022', '8a88809e77cec3620177cec56ed00003');
INSERT INTO `t_role_menu` VALUES ('402880e979732c2d0179732c8abc0006', '2021-05-16 11:16:09', '8a88809e7774a408017774a4e05f0006', '8a88809e77cec3620177cec56ed00003');
INSERT INTO `t_role_menu` VALUES ('402880e979732c2d0179732c8abd0007', '2021-05-16 11:16:09', '8a88809e7774a408017774a54ccd000a', '8a88809e77cec3620177cec56ed00003');
INSERT INTO `t_role_menu` VALUES ('402880e979732c2d0179732c8abe0008', '2021-05-16 11:16:09', '8a88809e7784abad017784ae752e000b', '8a88809e77cec3620177cec56ed00003');
INSERT INTO `t_role_menu` VALUES ('402880e979732c2d0179732c8abe0009', '2021-05-16 11:16:09', '202880e97972e177017972ec91c40013', '8a88809e77cec3620177cec56ed00003');
INSERT INTO `t_role_menu` VALUES ('402880e979732c2d0179732c8abf000a', '2021-05-16 11:16:09', '3a88809e7784abad017784aee4a3000e', '8a88809e77cec3620177cec56ed00003');
INSERT INTO `t_role_menu` VALUES ('402880e979732c2d0179732c8ac0000b', '2021-05-16 11:16:09', '1a88809e7789c47f017789c902310018', '8a88809e77cec3620177cec56ed00003');
INSERT INTO `t_role_menu` VALUES ('402880e979732c2d0179732c8ac1000c', '2021-05-16 11:16:09', '8a88809e778b0a7201778b0c5a4c0005', '8a88809e77cec3620177cec56ed00003');
INSERT INTO `t_role_menu` VALUES ('402880e979732c2d0179732c8ac2000d', '2021-05-16 11:16:09', '8a88809e778b0a7201778b0d00af0008', '8a88809e77cec3620177cec56ed00003');
INSERT INTO `t_role_menu` VALUES ('402880e979732c2d0179732c8ac2000e', '2021-05-16 11:16:09', '8a88809e77bfe1640177bfe76f670008', '8a88809e77cec3620177cec56ed00003');
INSERT INTO `t_role_menu` VALUES ('402880e979732c2d0179732c8ac3000f', '2021-05-16 11:16:09', '8a88809e77bfe1640177bfe959de000b', '8a88809e77cec3620177cec56ed00003');
INSERT INTO `t_role_menu` VALUES ('402880e979732c2d0179732c8ac40010', '2021-05-16 11:16:09', '8a88809e77d432760177d43d8ee20011', '8a88809e77cec3620177cec56ed00003');
INSERT INTO `t_role_menu` VALUES ('402880e979732c2d0179732c8ac40011', '2021-05-16 11:16:09', '8a88809e77e18a2a0177e18febeb0005', '8a88809e77cec3620177cec56ed00003');
INSERT INTO `t_role_menu` VALUES ('402880e979732c2d0179732c8ac50012', '2021-05-16 11:16:09', '8a88809e77e18a2a0177e190adf40008', '8a88809e77cec3620177cec56ed00003');
INSERT INTO `t_role_menu` VALUES ('4028813177d706f20177d716b8f7000a', '2021-02-25 10:48:46', '8a88809e777499650177749dd49c001f', '8a88809e7774d2cf017774dca8a20014');
INSERT INTO `t_role_menu` VALUES ('4028813177d706f20177d716b8fb000b', '2021-02-25 10:48:46', '8a88809e777499650177749feaf20022', '8a88809e7774d2cf017774dca8a20014');
INSERT INTO `t_role_menu` VALUES ('4028813177d706f20177d716b900000c', '2021-02-25 10:48:46', '8a88809e7784abad017784ae752e000b', '8a88809e7774d2cf017774dca8a20014');
INSERT INTO `t_role_menu` VALUES ('4028813177d706f20177d716b904000d', '2021-02-25 10:48:46', '3a88809e7784abad017784aee4a3000e', '8a88809e7774d2cf017774dca8a20014');
INSERT INTO `t_role_menu` VALUES ('8a88809e77d432760177d43dd46f0014', '2021-02-24 21:32:37', '8a88809e777499650177749dd49c001f', '8a88809e7774d2cf017774d961a40010');
INSERT INTO `t_role_menu` VALUES ('8a88809e77d432760177d43dd47e0015', '2021-02-24 21:32:37', '8a88809e777499650177749feaf20022', '8a88809e7774d2cf017774d961a40010');
INSERT INTO `t_role_menu` VALUES ('8a88809e77d432760177d43dd48c0016', '2021-02-24 21:32:37', '8a88809e77bfe1640177bfe76f670008', '8a88809e7774d2cf017774d961a40010');
INSERT INTO `t_role_menu` VALUES ('8a88809e77d432760177d43dd49c0017', '2021-02-24 21:32:37', '8a88809e77bfe1640177bfe959de000b', '8a88809e7774d2cf017774d961a40010');
INSERT INTO `t_role_menu` VALUES ('8a88809e77d432760177d43dd4ac0018', '2021-02-24 21:32:37', '8a88809e77d432760177d43d8ee20011', '8a88809e7774d2cf017774d961a40010');

-- ----------------------------
-- Table structure for t_user
-- ----------------------------
DROP TABLE IF EXISTS `t_user`;
CREATE TABLE `t_user`  (
  `uu_id` varchar(255) CHARACTER SET utf8mb4 COLLATE utf8mb4_general_ci NOT NULL,
  `create_time` varchar(64) CHARACTER SET utf8mb4 COLLATE utf8mb4_general_ci NULL DEFAULT NULL,
  `password` varchar(64) CHARACTER SET utf8mb4 COLLATE utf8mb4_general_ci NOT NULL,
  `role_id` varchar(64) CHARACTER SET utf8mb4 COLLATE utf8mb4_general_ci NULL DEFAULT NULL,
  `role_name` varchar(64) CHARACTER SET utf8mb4 COLLATE utf8mb4_general_ci NULL DEFAULT NULL,
  `update_time` varchar(64) CHARACTER SET utf8mb4 COLLATE utf8mb4_general_ci NULL DEFAULT NULL,
  `user_name` varchar(64) CHARACTER SET utf8mb4 COLLATE utf8mb4_general_ci NOT NULL,
  `lock_time` varchar(64) CHARACTER SET utf8mb4 COLLATE utf8mb4_general_ci NULL DEFAULT NULL,
  `login_count` int(11) NULL DEFAULT NULL,
  PRIMARY KEY (`uu_id`) USING BTREE
) ENGINE = InnoDB CHARACTER SET = utf8mb4 COLLATE = utf8mb4_general_ci COMMENT = '用户表' ROW_FORMAT = Dynamic;

-- ----------------------------
-- Records of t_user
-- ----------------------------
INSERT INTO `t_user` VALUES ('8a88809e77c3cfa60177c3d727d4001c', '2021-02-21 17:06:33', 'YTEyMzQ1Njc4LQ==', '8a88809e7774d2cf017774d961a40010', '系统管理员', '2021-03-02 20:23:47', 'root', '2021-03-02 22:50:11', 2);
INSERT INTO `t_user` VALUES ('8a88809e77c3cfa60177c3d769e7001d', '2021-02-21 17:06:50', 'YTEyMzQ1Njc4LQ==', '8a88809e7774d2cf017774dc83bc0012', '保密管理员', '2021-03-02 20:23:47', 'secadm', '2021-02-28 21:15:53', 0);
INSERT INTO `t_user` VALUES ('8a88809e77c3cfa60177c3d7bd75001e', '2021-02-21 17:07:11', 'YTEyMzQ1Njc4LQ==', '8a88809e7774d2cf017774dca8a20014', '安全审计员', '2021-03-02 20:23:47', 'auditadm', '2021-03-02 22:47:26', 0);
INSERT INTO `t_user` VALUES ('8a88809e77cec3620177cec5dfe00011', '2021-02-23 20:03:30', 'MTIzNDU2', '8a88809e77cec3620177cec56ed00003', '超级管理员', '2021-03-02 20:23:47', 'admin', '2021-02-28 21:15:53', 0);

SET FOREIGN_KEY_CHECKS = 1;
